Argentina - Liga Profesional ; 01:00 
 General Stats ; W% ; FailedToScore - FTS ; Clean Sheet - CS ; BTS ; TotalGoalScore - TG ; GoalScorePerMatch - GF ; GoalCondecedPerMatch - GA 
 Rosario Central ; 33% ; 67% ; 67% ; 0% ; 0.67 ; 0.33 ; 0.33 
 Sarmiento ; 0% ; 67% ; 33% ; 33% ; 1.67 ; 0.33 ; 1.33 
 
 General ; PJ ; G ; E ; P ; generalWinningPerncetage ; generalDrawPerncetage ; generalLoosingPerncetage ; porcentaje  victorias VISITA + porcentaje DERROTAS local) / 2 ;  ; Resta I4-I3 (57%-22%) ; generalQuikView WENN(I3<25%-"1"-WENN(I3>24%-"0")) 
 Rosario Central ; 6 ; 1 ; 1 ; 4 ; 16.67% ; 16.67% ; 66.67% ; 50.00% ;  ; -25.00% ; 0 ; -30.00% 
 Sarmiento ; 6 ; 2 ; 2 ; 2 ; 33.33% ; 33.33% ; 33.33% ; 25.00% ;  ;  ; 0 ; -25.00% 
 
 Home/Away ; PJ ; G ; E ; P ; WinningPerncetage ; DrawPerncetage ; LoosingPerncetage ; porcentaje  victorias VISITA + porcentaje DERROTAS local) / 2 ;  ; Resta I4-I3 (57%-22%) ; generalQuikView WENN(I3<25%-"1"-WENN(I3>24%-"0")) 
 Rosario Central ; 3 ; 1 ; 1 ; 1 ; 33.33% ; 33.33% ; 33.33% ; 16.66% ;  ; 33.34% ; 1 ; 3.34% 
 Sarmiento ; 3 ; 0 ; 1 ; 2 ; 0.00% ; 33.33% ; 66.67% ; 50.00% ;  ;  ; 1 ; 0.00% 
 
 First Goal ; local? ; ScoreFirst ; NoGoal ; ConcededFirst ; WinningAverage ; NoGoalAverage ; ConcedeFirstAverage 
 Rosario Central ; 3 ; 1 ; 1 ; 1 ; 33.33 ; 33.33 ; 33.33 
 Sarmiento ; 3 ; 0 ; 1 ; 2 ; 0.00 ; 33.33 ; 66.67 
 
 First Goal on the Mache ; total ; 1er ; 2do ; %1er ; %2do 
 Rosario Central ; 1 ; 0 ; 1 ; 0% ; 100% 
 Sarmiento ; 2 ; 2 ; 0 ; 100% ; 0% 
  ;  ;  ;  ; 50% 
 
  ; 0 ; 0 
  ; 0 ; 0 
 
 final Decision ; 1 ; 2 ; 3 ; 4 ; 5 ; 6 ; 7 
  ; -25.00% ; 33.34% ; 33.34% ; 33.33% ; 50.00% ; 67.00% ; 0.50 
  ; 0 ; 0 ; 0 ; 1 ; 0 ; 1 ; 0 ; 2 ; 28.57% 
 
 **************** ; **************** ; **************** ; **************** ; **************** ; **************** ; **************** ; **************** ; **************** ; **************** 
 **************** ; **************** ; **************** ; **************** ; **************** ; **************** ; **************** ; **************** ; **************** ; **************** 
 Australia - NPL Victoria ; 11:30 
 General Stats ; W% ; FailedToScore - FTS ; Clean Sheet - CS ; BTS ; TotalGoalScore - TG ; GoalScorePerMatch - GF ; GoalCondecedPerMatch - GA 
 Melbourne K. ; 50% ; 30% ; 20% ; 50% ; 3.00 ; 1.50 ; 1.50 
 Green-Gully ; 44% ; 44% ; 33% ; 33% ; 2.89 ; 1.78 ; 1.11 
 
 General ; PJ ; G ; E ; P ; generalWinningPerncetage ; generalDrawPerncetage ; generalLoosingPerncetage ; porcentaje  victorias VISITA + porcentaje DERROTAS local) / 2 ;  ; Resta I4-I3 (57%-22%) ; generalQuikView WENN(I3<25%-"1"-WENN(I3>24%-"0")) 
 Melbourne K. ; 20 ; 7 ; 2 ; 11 ; 35.00% ; 10.00% ; 55.00% ; 52.50% ;  ; -17.50% ; 0 ; -32.50% 
 Green-Gully ; 20 ; 10 ; 3 ; 7 ; 50.00% ; 15.00% ; 35.00% ; 35.00% ;  ;  ; 0 ; -15.00% 
 
 Home/Away ; PJ ; G ; E ; P ; WinningPerncetage ; DrawPerncetage ; LoosingPerncetage ; porcentaje  victorias VISITA + porcentaje DERROTAS local) / 2 ;  ; Resta I4-I3 (57%-22%) ; generalQuikView WENN(I3<25%-"1"-WENN(I3>24%-"0")) 
 Melbourne K. ; 10 ; 5 ; 1 ; 4 ; 50.00% ; 10.00% ; 40.00% ; 42.22% ;  ; -0.55% ; 0 ; -22.22% 
 Green-Gully ; 9 ; 4 ; 2 ; 3 ; 44.44% ; 22.22% ; 33.33% ; 41.66% ;  ;  ; 0 ; -8.34% 
 
  ; 0 ; 0 
  ; 0 ; 0 
 
 final Decision ; 1 ; 2 ; 3 ; 4 ; 5 ; 6 ; 7 
  ; -17.50% ; -0.55% ; 0.00% ; 5.56% ; 68.50% ; 32.00% ; -0.33 
  ; 0 ; 0 ; 0 ; 0 ; 0 ; 0 ; 0 ; 0 ; 0.00% 
 
 **************** ; **************** ; **************** ; **************** ; **************** ; **************** ; **************** ; **************** ; **************** ; **************** 
 **************** ; **************** ; **************** ; **************** ; **************** ; **************** ; **************** ; **************** ; **************** ; **************** 
 Australia - NPL Victoria ; 12:30 
 General Stats ; W% ; FailedToScore - FTS ; Clean Sheet - CS ; BTS ; TotalGoalScore - TG ; GoalScorePerMatch - GF ; GoalCondecedPerMatch - GA 
 Bentleigh G. ; 60% ; 20% ; 60% ; 40% ; 2.00 ; 1.40 ; 0.60 
 Eastern-Lions ; 10% ; 30% ; 10% ; 60% ; 3.30 ; 0.90 ; 2.40 
 
 General ; PJ ; G ; E ; P ; generalWinningPerncetage ; generalDrawPerncetage ; generalLoosingPerncetage ; porcentaje  victorias VISITA + porcentaje DERROTAS local) / 2 ;  ; Resta I4-I3 (57%-22%) ; generalQuikView WENN(I3<25%-"1"-WENN(I3>24%-"0")) 
 Bentleigh G. ; 20 ; 9 ; 5 ; 6 ; 45.00% ; 25.00% ; 30.00% ; 17.50% ;  ; 45.00% ; 1 ; 2.50% 
 Eastern-Lions ; 20 ; 1 ; 3 ; 16 ; 5.00% ; 15.00% ; 80.00% ; 62.50% ;  ;  ; 1 ; 12.50% 
 
 Home/Away ; PJ ; G ; E ; P ; WinningPerncetage ; DrawPerncetage ; LoosingPerncetage ; porcentaje  victorias VISITA + porcentaje DERROTAS local) / 2 ;  ; Resta I4-I3 (57%-22%) ; generalQuikView WENN(I3<25%-"1"-WENN(I3>24%-"0")) 
 Bentleigh G. ; 10 ; 6 ; 3 ; 1 ; 60.00% ; 30.00% ; 10.00% ; 10.00% ;  ; 50.00% ; 1 ; 10.00% 
 Eastern-Lions ; 10 ; 1 ; 3 ; 6 ; 10.00% ; 30.00% ; 60.00% ; 60.00% ;  ;  ; 1 ; 10.00% 
 
  ; 1 ; 1 
  ; 1 ; 1 
 
 final Decision ; 1 ; 2 ; 3 ; 4 ; 5 ; 6 ; 7 
  ; 45.00% ; 50.00% ; 0.00% ; 50.00% ; 85.00% ; 45.00% ; 1.15 
  ; 1 ; 1 ; 0 ; 1 ; 1 ; 1 ; 1 ; 6 ; 85.71% 
 
 **************** ; **************** ; **************** ; **************** ; **************** ; **************** ; **************** ; **************** ; **************** ; **************** 
 **************** ; **************** ; **************** ; **************** ; **************** ; **************** ; **************** ; **************** ; **************** ; **************** 
 Australia - NPL Queensland ; 12:30 
 General Stats ; W% ; FailedToScore - FTS ; Clean Sheet - CS ; BTS ; TotalGoalScore - TG ; GoalScorePerMatch - GF ; GoalCondecedPerMatch - GA 
 Brisbane Roar B ; 0% ; 20% ; 0% ; 80% ; 5.20 ; 1.60 ; 3.60 
 Peninsula ; 17% ; 17% ; 17% ; 67% ; 4.33 ; 1.67 ; 2.67 
 
 General ; PJ ; G ; E ; P ; generalWinningPerncetage ; generalDrawPerncetage ; generalLoosingPerncetage ; porcentaje  victorias VISITA + porcentaje DERROTAS local) / 2 ;  ; Resta I4-I3 (57%-22%) ; generalQuikView WENN(I3<25%-"1"-WENN(I3>24%-"0")) 
 Brisbane Roar B ; 13 ; 2 ; 3 ; 8 ; 15.38% ; 23.08% ; 61.54% ; 57.44% ;  ; -33.08% ; 0 ; -37.44% 
 Peninsula ; 15 ; 8 ; 2 ; 5 ; 53.33% ; 13.33% ; 33.33% ; 24.36% ;  ;  ; 0 ; -25.64% 
 
 Home/Away ; PJ ; G ; E ; P ; WinningPerncetage ; DrawPerncetage ; LoosingPerncetage ; porcentaje  victorias VISITA + porcentaje DERROTAS local) / 2 ;  ; Resta I4-I3 (57%-22%) ; generalQuikView WENN(I3<25%-"1"-WENN(I3>24%-"0")) 
 Brisbane Roar B ; 5 ; 0 ; 1 ; 4 ; 0.00% ; 20.00% ; 80.00% ; 48.34% ;  ; -15.00% ; 0 ; -28.34% 
 Peninsula ; 6 ; 1 ; 1 ; 4 ; 16.67% ; 16.67% ; 66.67% ; 33.34% ;  ;  ; 0 ; -16.66% 
 
  ; 0 ; 0 
  ; 0 ; 0 
 
 final Decision ; 1 ; 2 ; 3 ; 4 ; 5 ; 6 ; 7 
  ; -33.08% ; -15.00% ; 0.00% ; -16.67% ; 81.50% ; 8.50% ; -0.50 
  ; 0 ; 0 ; 0 ; 0 ; 1 ; 0 ; 0 ; 1 ; 14.29% 
 
 **************** ; **************** ; **************** ; **************** ; **************** ; **************** ; **************** ; **************** ; **************** ; **************** 
 **************** ; **************** ; **************** ; **************** ; **************** ; **************** ; **************** ; **************** ; **************** ; **************** 
 Australia - NPL New South Wales ; 11:00 
 General Stats ; W% ; FailedToScore - FTS ; Clean Sheet - CS ; BTS ; TotalGoalScore - TG ; GoalScorePerMatch - GF ; GoalCondecedPerMatch - GA 
 Mt Druitt Town ; 11% ; 0% ; 0% ; 100% ; 4.56 ; 2.00 ; 2.56 
 Wollongong-W. ; 22% ; 44% ; 22% ; 33% ; 2.56 ; 1.11 ; 1.44 
 
 General ; PJ ; G ; E ; P ; generalWinningPerncetage ; generalDrawPerncetage ; generalLoosingPerncetage ; porcentaje  victorias VISITA + porcentaje DERROTAS local) / 2 ;  ; Resta I4-I3 (57%-22%) ; generalQuikView WENN(I3<25%-"1"-WENN(I3>24%-"0")) 
 Mt Druitt Town ; 17 ; 2 ; 7 ; 8 ; 11.76% ; 41.18% ; 47.06% ; 34.64% ;  ; -6.54% ; 0 ; -14.64% 
 Wollongong-W. ; 18 ; 4 ; 6 ; 8 ; 22.22% ; 33.33% ; 44.44% ; 28.10% ;  ;  ; 0 ; -21.90% 
 
 Home/Away ; PJ ; G ; E ; P ; WinningPerncetage ; DrawPerncetage ; LoosingPerncetage ; porcentaje  victorias VISITA + porcentaje DERROTAS local) / 2 ;  ; Resta I4-I3 (57%-22%) ; generalQuikView WENN(I3<25%-"1"-WENN(I3>24%-"0")) 
 Mt Druitt Town ; 9 ; 1 ; 4 ; 4 ; 11.11% ; 44.44% ; 44.44% ; 33.33% ;  ; 0.01% ; 0 ; -13.33% 
 Wollongong-W. ; 9 ; 2 ; 2 ; 5 ; 22.22% ; 22.22% ; 55.56% ; 33.34% ;  ;  ; 0 ; -16.66% 
 
  ; 0 ; 0 
  ; 1 ; 0 
 
 final Decision ; 1 ; 2 ; 3 ; 4 ; 5 ; 6 ; 7 
  ; -6.54% ; 0.01% ; 0.00% ; -11.11% ; 89.00% ; 22.00% ; -0.11 
  ; 0 ; 0 ; 0 ; 0 ; 1 ; 0 ; 0 ; 1 ; 14.29% 
 
 **************** ; **************** ; **************** ; **************** ; **************** ; **************** ; **************** ; **************** ; **************** ; **************** 
 **************** ; **************** ; **************** ; **************** ; **************** ; **************** ; **************** ; **************** ; **************** ; **************** 
 Australia - Victoria NPL2 ; 12:30 
 General Stats ; W% ; FailedToScore - FTS ; Clean Sheet - CS ; BTS ; TotalGoalScore - TG ; GoalScorePerMatch - GF ; GoalCondecedPerMatch - GA 
 Moreland Zebras ; 71% ; 14% ; 43% ; 57% ; 3.14 ; 2.29 ; 0.86 
 Kingston-City ; 50% ; 0% ; 0% ; 100% ; 4.63 ; 2.38 ; 2.25 
 
 General ; PJ ; G ; E ; P ; generalWinningPerncetage ; generalDrawPerncetage ; generalLoosingPerncetage ; porcentaje  victorias VISITA + porcentaje DERROTAS local) / 2 ;  ; Resta I4-I3 (57%-22%) ; generalQuikView WENN(I3<25%-"1"-WENN(I3>24%-"0")) 
 Moreland Zebras ; 16 ; 9 ; 4 ; 3 ; 56.25% ; 25.00% ; 18.75% ; 25.00% ;  ; 31.25% ; 1 ; -5.00% 
 Kingston-City ; 16 ; 5 ; 2 ; 9 ; 31.25% ; 12.50% ; 56.25% ; 56.25% ;  ;  ; 1 ; 6.25% 
 
 Home/Away ; PJ ; G ; E ; P ; WinningPerncetage ; DrawPerncetage ; LoosingPerncetage ; porcentaje  victorias VISITA + porcentaje DERROTAS local) / 2 ;  ; Resta I4-I3 (57%-22%) ; generalQuikView WENN(I3<25%-"1"-WENN(I3>24%-"0")) 
 Moreland Zebras ; 7 ; 5 ; 2 ; 0 ; 71.43% ; 28.57% ; 0.00% ; 25.00% ;  ; 23.22% ; 0 ; -5.00% 
 Kingston-City ; 8 ; 4 ; 2 ; 2 ; 50.00% ; 25.00% ; 25.00% ; 48.22% ;  ;  ; 0 ; -1.78% 
 
  ; 1 ; 1 
  ; 0 ; 1 
 
 final Decision ; 1 ; 2 ; 3 ; 4 ; 5 ; 6 ; 7 
  ; 31.25% ; 23.22% ; 0.00% ; 21.43% ; 93.00% ; 21.50% ; 0.65 
  ; 1 ; 0 ; 0 ; 0 ; 1 ; 0 ; 0 ; 2 ; 28.57% 
 
 **************** ; **************** ; **************** ; **************** ; **************** ; **************** ; **************** ; **************** ; **************** ; **************** 
 **************** ; **************** ; **************** ; **************** ; **************** ; **************** ; **************** ; **************** ; **************** ; **************** 
 Bangladesh - Premier League ; 12:00 
 General Stats ; W% ; FailedToScore - FTS ; Clean Sheet - CS ; BTS ; TotalGoalScore - TG ; GoalScorePerMatch - GF ; GoalCondecedPerMatch - GA 
 Sheikh Jamal ; 62% ; 25% ; 50% ; 50% ; 1.63 ; 1.13 ; 0.50 
 Saif ; 67% ; 0% ; 11% ; 89% ; 5.00 ; 3.22 ; 1.78 
 
 General ; PJ ; G ; E ; P ; generalWinningPerncetage ; generalDrawPerncetage ; generalLoosingPerncetage ; porcentaje  victorias VISITA + porcentaje DERROTAS local) / 2 ;  ; Resta I4-I3 (57%-22%) ; generalQuikView WENN(I3<25%-"1"-WENN(I3>24%-"0")) 
 Sheikh Jamal ; 18 ; 9 ; 6 ; 3 ; 50.00% ; 33.33% ; 16.67% ; 36.12% ;  ; 2.77% ; 0 ; -16.12% 
 Saif ; 18 ; 10 ; 3 ; 5 ; 55.56% ; 16.67% ; 27.78% ; 38.89% ;  ;  ; 0 ; -11.11% 
 
 Home/Away ; PJ ; G ; E ; P ; WinningPerncetage ; DrawPerncetage ; LoosingPerncetage ; porcentaje  victorias VISITA + porcentaje DERROTAS local) / 2 ;  ; Resta I4-I3 (57%-22%) ; generalQuikView WENN(I3<25%-"1"-WENN(I3>24%-"0")) 
 Sheikh Jamal ; 8 ; 5 ; 3 ; 0 ; 62.50% ; 37.50% ; 0.00% ; 33.34% ;  ; 9.02% ; 0 ; -13.34% 
 Saif ; 9 ; 6 ; 1 ; 2 ; 66.67% ; 11.11% ; 22.22% ; 42.36% ;  ;  ; 0 ; -7.64% 
 
 First Goal ; local? ; ScoreFirst ; NoGoal ; ConcededFirst ; WinningAverage ; NoGoalAverage ; ConcedeFirstAverage 
 Sheikh Jamal ; 8 ; 5 ; 2 ; 1 ; 62.50 ; 25.00 ; 12.50 
 Saif ; 9 ; 7 ; 0 ; 2 ; 77.78 ; 0.00 ; 22.22 
 
 First Goal on the Mache ; total ; 1er ; 2do ; %1er ; %2do 
 Sheikh Jamal ; 5 ; 5 ; 0 ; 100% ; 0% 
 Saif ; 2 ; 2 ; 0 ; 100% ; 0% 
  ;  ;  ;  ; 100% 
 
  ; 1 ; 1 
  ; 0 ; 0 
 
 final Decision ; 1 ; 2 ; 3 ; 4 ; 5 ; 6 ; 7 
  ; 2.77% ; 9.02% ; -2.78% ; -4.17% ; 82.00% ; 25.00% ; -0.41 
  ; 0 ; 0 ; 0 ; 0 ; 1 ; 0 ; 0 ; 1 ; 14.29% 
 
 **************** ; **************** ; **************** ; **************** ; **************** ; **************** ; **************** ; **************** ; **************** ; **************** 
 **************** ; **************** ; **************** ; **************** ; **************** ; **************** ; **************** ; **************** ; **************** ; **************** 
 Belarus - Premier League ; 17:00 
 General Stats ; W% ; FailedToScore - FTS ; Clean Sheet - CS ; BTS ; TotalGoalScore - TG ; GoalScorePerMatch - GF ; GoalCondecedPerMatch - GA 
 Isloch ; 29% ; 14% ; 14% ; 71% ; 2.57 ; 1.29 ; 1.29 
 Vitebsk ; 14% ; 29% ; 29% ; 57% ; 2.57 ; 1.00 ; 1.57 
 
 General ; PJ ; G ; E ; P ; generalWinningPerncetage ; generalDrawPerncetage ; generalLoosingPerncetage ; porcentaje  victorias VISITA + porcentaje DERROTAS local) / 2 ;  ; Resta I4-I3 (57%-22%) ; generalQuikView WENN(I3<25%-"1"-WENN(I3>24%-"0")) 
 Isloch ; 13 ; 6 ; 4 ; 3 ; 46.15% ; 30.77% ; 23.08% ; 19.23% ;  ; 30.77% ; 1 ; 0.77% 
 Vitebsk ; 13 ; 2 ; 4 ; 7 ; 15.38% ; 30.77% ; 53.85% ; 50.00% ;  ;  ; 1 ; 0.00% 
 
 Home/Away ; PJ ; G ; E ; P ; WinningPerncetage ; DrawPerncetage ; LoosingPerncetage ; porcentaje  victorias VISITA + porcentaje DERROTAS local) / 2 ;  ; Resta I4-I3 (57%-22%) ; generalQuikView WENN(I3<25%-"1"-WENN(I3>24%-"0")) 
 Isloch ; 7 ; 2 ; 3 ; 2 ; 28.57% ; 42.86% ; 28.57% ; 21.43% ;  ; 21.43% ; 0 ; -1.43% 
 Vitebsk ; 7 ; 1 ; 2 ; 4 ; 14.29% ; 28.57% ; 57.14% ; 42.86% ;  ;  ; 0 ; -7.14% 
 
 First Goal ; local? ; ScoreFirst ; NoGoal ; ConcededFirst ; WinningAverage ; NoGoalAverage ; ConcedeFirstAverage 
 Isloch ; 7 ; 4 ; 0 ; 3 ; 57.14 ; 0.00 ; 42.86 
 Vitebsk ; 7 ; 3 ; 1 ; 3 ; 42.86 ; 14.29 ; 42.86 
 
 First Goal on the Mache ; total ; 1er ; 2do ; %1er ; %2do 
 Isloch ; 4 ; 2 ; 2 ; 50% ; 50% 
 Vitebsk ; 3 ; 2 ; 1 ; 67% ; 33% 
  ;  ;  ;  ; 58.5% 
 
  ; 1 ; 1 
  ; 1 ; 1 
 
 final Decision ; 1 ; 2 ; 3 ; 4 ; 5 ; 6 ; 7 
  ; 30.77% ; 21.43% ; 7.14% ; 14.28% ; 78.50% ; 21.50% ; 0.29 
  ; 1 ; 0 ; 0 ; 0 ; 1 ; 0 ; 0 ; 2 ; 28.57% 
 
 **************** ; **************** ; **************** ; **************** ; **************** ; **************** ; **************** ; **************** ; **************** ; **************** 
 **************** ; **************** ; **************** ; **************** ; **************** ; **************** ; **************** ; **************** ; **************** ; **************** 
 Belarus - Premier League ; 19:00 
 General Stats ; W% ; FailedToScore - FTS ; Clean Sheet - CS ; BTS ; TotalGoalScore - TG ; GoalScorePerMatch - GF ; GoalCondecedPerMatch - GA 
 Slavia Mozyr ; 33% ; 17% ; 0% ; 83% ; 3.67 ; 1.83 ; 1.83 
 Belshina ; 40% ; 20% ; 20% ; 80% ; 3.20 ; 2.00 ; 1.20 
 
 General ; PJ ; G ; E ; P ; generalWinningPerncetage ; generalDrawPerncetage ; generalLoosingPerncetage ; porcentaje  victorias VISITA + porcentaje DERROTAS local) / 2 ;  ; Resta I4-I3 (57%-22%) ; generalQuikView WENN(I3<25%-"1"-WENN(I3>24%-"0")) 
 Slavia Mozyr ; 12 ; 5 ; 2 ; 5 ; 41.67% ; 16.67% ; 41.67% ; 36.22% ;  ; 0.00% ; 0 ; -16.22% 
 Belshina ; 13 ; 4 ; 5 ; 4 ; 30.77% ; 38.46% ; 30.77% ; 36.22% ;  ;  ; 0 ; -13.78% 
 
 Home/Away ; PJ ; G ; E ; P ; WinningPerncetage ; DrawPerncetage ; LoosingPerncetage ; porcentaje  victorias VISITA + porcentaje DERROTAS local) / 2 ;  ; Resta I4-I3 (57%-22%) ; generalQuikView WENN(I3<25%-"1"-WENN(I3>24%-"0")) 
 Slavia Mozyr ; 6 ; 2 ; 2 ; 2 ; 33.33% ; 33.33% ; 33.33% ; 36.66% ;  ; -20.00% ; 0 ; -16.66% 
 Belshina ; 5 ; 2 ; 3 ; 0 ; 40.00% ; 60.00% ; 0.00% ; 16.66% ;  ;  ; 0 ; -33.34% 
 
 First Goal ; local? ; ScoreFirst ; NoGoal ; ConcededFirst ; WinningAverage ; NoGoalAverage ; ConcedeFirstAverage 
 Slavia Mozyr ; 6 ; 3 ; 0 ; 3 ; 50.00 ; 0.00 ; 50.00 
 Belshina ; 5 ; 2 ; 1 ; 2 ; 40.00 ; 20.00 ; 40.00 
 
 First Goal on the Mache ; total ; 1er ; 2do ; %1er ; %2do 
 Slavia Mozyr ; 3 ; 3 ; 0 ; 100% ; 0% 
 Belshina ; 2 ; 2 ; 0 ; 100% ; 0% 
  ;  ;  ;  ; 100% 
 
  ; 1 ; 0 
  ; 0 ; 0 
 
 final Decision ; 1 ; 2 ; 3 ; 4 ; 5 ; 6 ; 7 
  ; 0.00% ; -20.00% ; 0.00% ; -6.67% ; 81.50% ; 10.00% ; -0.40 
  ; 0 ; 0 ; 0 ; 0 ; 1 ; 0 ; 0 ; 1 ; 14.29% 
 
 **************** ; **************** ; **************** ; **************** ; **************** ; **************** ; **************** ; **************** ; **************** ; **************** 
 **************** ; **************** ; **************** ; **************** ; **************** ; **************** ; **************** ; **************** ; **************** ; **************** 
 Belarus - Women Premier League ; 02:00 
 General Stats ; W% ; FailedToScore - FTS ; Clean Sheet - CS ; BTS ; TotalGoalScore - TG ; GoalScorePerMatch - GF ; GoalCondecedPerMatch - GA 
 Dinamo Brest W ; 0% ; 83% ; 0% ; 17% ; 5.67 ; 0.17 ; 5.50 
 Gomel-W ; 0% ; 100% ; 0% ; 0% ; 7.17 ; 0.00 ; 7.17 
 
 General ; PJ ; G ; E ; P ; generalWinningPerncetage ; generalDrawPerncetage ; generalLoosingPerncetage ; porcentaje  victorias VISITA + porcentaje DERROTAS local) / 2 ;  ; Resta I4-I3 (57%-22%) ; generalQuikView WENN(I3<25%-"1"-WENN(I3>24%-"0")) 
 Dinamo Brest W ; 12 ; 0 ; 2 ; 10 ; 0.00% ; 16.67% ; 83.33% ; 41.66% ;  ; 4.17% ; 0 ; -21.66% 
 Gomel-W ; 12 ; 0 ; 1 ; 11 ; 0.00% ; 8.33% ; 91.67% ; 45.84% ;  ;  ; 0 ; -4.16% 
 
 Home/Away ; PJ ; G ; E ; P ; WinningPerncetage ; DrawPerncetage ; LoosingPerncetage ; porcentaje  victorias VISITA + porcentaje DERROTAS local) / 2 ;  ; Resta I4-I3 (57%-22%) ; generalQuikView WENN(I3<25%-"1"-WENN(I3>24%-"0")) 
 Dinamo Brest W ; 6 ; 0 ; 1 ; 5 ; 0.00% ; 16.67% ; 83.33% ; 41.66% ;  ; 8.34% ; 0 ; -21.66% 
 Gomel-W ; 6 ; 0 ; 0 ; 6 ; 0.00% ; 0.00% ; 100.00% ; 50.00% ;  ;  ; 1 ; 0.00% 
 
  ; 0 ; 0 
  ; 1 ; 1 
 
 final Decision ; 1 ; 2 ; 3 ; 4 ; 5 ; 6 ; 7 
  ; 4.17% ; 8.34% ; 0.00% ; 0.00% ; 58.50% ; 50.00% ; 0.92 
  ; 0 ; 0 ; 0 ; 0 ; 0 ; 1 ; 1 ; 2 ; 28.57% 
 
 **************** ; **************** ; **************** ; **************** ; **************** ; **************** ; **************** ; **************** ; **************** ; **************** 
 **************** ; **************** ; **************** ; **************** ; **************** ; **************** ; **************** ; **************** ; **************** ; **************** 
 Belarus - Women Premier League ; 02:00 
 General Stats ; W% ; FailedToScore - FTS ; Clean Sheet - CS ; BTS ; TotalGoalScore - TG ; GoalScorePerMatch - GF ; GoalCondecedPerMatch - GA 
 Minsk FK W ; 83% ; 0% ; 83% ; 17% ; 5.67 ; 5.50 ; 0.17 
 Bobruichanka-W ; 33% ; 17% ; 33% ; 50% ; 3.33 ; 1.33 ; 2.00 
 
 General ; PJ ; G ; E ; P ; generalWinningPerncetage ; generalDrawPerncetage ; generalLoosingPerncetage ; porcentaje  victorias VISITA + porcentaje DERROTAS local) / 2 ;  ; Resta I4-I3 (57%-22%) ; generalQuikView WENN(I3<25%-"1"-WENN(I3>24%-"0")) 
 Minsk FK W ; 12 ; 10 ; 1 ; 1 ; 83.33% ; 8.33% ; 8.33% ; 12.50% ;  ; 70.83% ; 1 ; 7.50% 
 Bobruichanka-W ; 12 ; 2 ; 0 ; 10 ; 16.67% ; 0.00% ; 83.33% ; 83.33% ;  ;  ; 1 ; 33.33% 
 
 Home/Away ; PJ ; G ; E ; P ; WinningPerncetage ; DrawPerncetage ; LoosingPerncetage ; porcentaje  victorias VISITA + porcentaje DERROTAS local) / 2 ;  ; Resta I4-I3 (57%-22%) ; generalQuikView WENN(I3<25%-"1"-WENN(I3>24%-"0")) 
 Minsk FK W ; 6 ; 5 ; 1 ; 0 ; 83.33% ; 16.67% ; 0.00% ; 16.66% ;  ; 58.34% ; 1 ; 3.34% 
 Bobruichanka-W ; 6 ; 2 ; 0 ; 4 ; 33.33% ; 0.00% ; 66.67% ; 75.00% ;  ;  ; 1 ; 25.00% 
 
  ; 1 ; 1 
  ; 1 ; 1 
 
 final Decision ; 1 ; 2 ; 3 ; 4 ; 5 ; 6 ; 7 
  ; 70.83% ; 58.34% ; 0.00% ; 50.00% ; 83.50% ; 50.00% ; 3.00 
  ; 1 ; 1 ; 0 ; 1 ; 1 ; 1 ; 1 ; 6 ; 85.71% 
 
 **************** ; **************** ; **************** ; **************** ; **************** ; **************** ; **************** ; **************** ; **************** ; **************** 
 **************** ; **************** ; **************** ; **************** ; **************** ; **************** ; **************** ; **************** ; **************** ; **************** 
 Belarus - Women Premier League ; 02:00 
 General Stats ; W% ; FailedToScore - FTS ; Clean Sheet - CS ; BTS ; TotalGoalScore - TG ; GoalScorePerMatch - GF ; GoalCondecedPerMatch - GA 
 Vitebsk W ; 67% ; 33% ; 33% ; 33% ; 6.00 ; 2.83 ; 3.17 
 Dnepr-Mogilev-W ; 33% ; 67% ; 33% ; 17% ; 3.17 ; 0.83 ; 2.33 
 
 General ; PJ ; G ; E ; P ; generalWinningPerncetage ; generalDrawPerncetage ; generalLoosingPerncetage ; porcentaje  victorias VISITA + porcentaje DERROTAS local) / 2 ;  ; Resta I4-I3 (57%-22%) ; generalQuikView WENN(I3<25%-"1"-WENN(I3>24%-"0")) 
 Vitebsk W ; 12 ; 7 ; 1 ; 4 ; 58.33% ; 8.33% ; 33.33% ; 41.66% ;  ; 8.34% ; 0 ; -21.66% 
 Dnepr-Mogilev-W ; 12 ; 6 ; 1 ; 5 ; 50.00% ; 8.33% ; 41.67% ; 50.00% ;  ;  ; 1 ; 0.00% 
 
 Home/Away ; PJ ; G ; E ; P ; WinningPerncetage ; DrawPerncetage ; LoosingPerncetage ; porcentaje  victorias VISITA + porcentaje DERROTAS local) / 2 ;  ; Resta I4-I3 (57%-22%) ; generalQuikView WENN(I3<25%-"1"-WENN(I3>24%-"0")) 
 Vitebsk W ; 6 ; 4 ; 0 ; 2 ; 66.67% ; 0.00% ; 33.33% ; 33.33% ;  ; 25.01% ; 0 ; -13.33% 
 Dnepr-Mogilev-W ; 6 ; 2 ; 1 ; 3 ; 33.33% ; 16.67% ; 50.00% ; 58.34% ;  ;  ; 1 ; 8.34% 
 
  ; 1 ; 0 
  ; 0 ; 0 
 
 final Decision ; 1 ; 2 ; 3 ; 4 ; 5 ; 6 ; 7 
  ; 8.34% ; 25.01% ; 0.00% ; 33.34% ; 67.00% ; 50.00% ; 0.58 
  ; 0 ; 0 ; 0 ; 1 ; 0 ; 1 ; 0 ; 2 ; 28.57% 
 
 **************** ; **************** ; **************** ; **************** ; **************** ; **************** ; **************** ; **************** ; **************** ; **************** 
 **************** ; **************** ; **************** ; **************** ; **************** ; **************** ; **************** ; **************** ; **************** ; **************** 
 Belarus - Women Premier League ; 02:00 
 General Stats ; W% ; FailedToScore - FTS ; Clean Sheet - CS ; BTS ; TotalGoalScore - TG ; GoalScorePerMatch - GF ; GoalCondecedPerMatch - GA 
 Zorka-BDU W ; 67% ; 17% ; 67% ; 33% ; 4.00 ; 3.67 ; 0.33 
 ABFF-U19-W ; 67% ; 17% ; 67% ; 17% ; 3.50 ; 2.67 ; 0.83 
 
 General ; PJ ; G ; E ; P ; generalWinningPerncetage ; generalDrawPerncetage ; generalLoosingPerncetage ; porcentaje  victorias VISITA + porcentaje DERROTAS local) / 2 ;  ; Resta I4-I3 (57%-22%) ; generalQuikView WENN(I3<25%-"1"-WENN(I3>24%-"0")) 
 Zorka-BDU W ; 12 ; 8 ; 2 ; 2 ; 66.67% ; 16.67% ; 16.67% ; 33.34% ;  ; 25.00% ; 0 ; -13.34% 
 ABFF-U19-W ; 12 ; 6 ; 0 ; 6 ; 50.00% ; 0.00% ; 50.00% ; 58.34% ;  ;  ; 1 ; 8.34% 
 
 Home/Away ; PJ ; G ; E ; P ; WinningPerncetage ; DrawPerncetage ; LoosingPerncetage ; porcentaje  victorias VISITA + porcentaje DERROTAS local) / 2 ;  ; Resta I4-I3 (57%-22%) ; generalQuikView WENN(I3<25%-"1"-WENN(I3>24%-"0")) 
 Zorka-BDU W ; 6 ; 4 ; 2 ; 0 ; 66.67% ; 33.33% ; 0.00% ; 33.34% ;  ; 16.66% ; 0 ; -13.34% 
 ABFF-U19-W ; 6 ; 4 ; 0 ; 2 ; 66.67% ; 0.00% ; 33.33% ; 50.00% ;  ;  ; 1 ; 0.00% 
 
  ; 1 ; 1 
  ; 0 ; 1 
 
 final Decision ; 1 ; 2 ; 3 ; 4 ; 5 ; 6 ; 7 
  ; 25.00% ; 16.66% ; 0.00% ; 0.00% ; 58.00% ; 42.00% ; 0.75 
  ; 1 ; 0 ; 0 ; 0 ; 0 ; 1 ; 1 ; 3 ; 42.86% 
 
 **************** ; **************** ; **************** ; **************** ; **************** ; **************** ; **************** ; **************** ; **************** ; **************** 
 **************** ; **************** ; **************** ; **************** ; **************** ; **************** ; **************** ; **************** ; **************** ; **************** 
 Brazil - Serie B ; 00:00 
 General Stats ; W% ; FailedToScore - FTS ; Clean Sheet - CS ; BTS ; TotalGoalScore - TG ; GoalScorePerMatch - GF ; GoalCondecedPerMatch - GA 
 Vila Nova ; 12% ; 62% ; 62% ; 25% ; 1.00 ; 0.50 ; 0.50 
 Bahia ; 43% ; 43% ; 43% ; 14% ; 1.29 ; 0.71 ; 0.57 
 
 General ; PJ ; G ; E ; P ; generalWinningPerncetage ; generalDrawPerncetage ; generalLoosingPerncetage ; porcentaje  victorias VISITA + porcentaje DERROTAS local) / 2 ;  ; Resta I4-I3 (57%-22%) ; generalQuikView WENN(I3<25%-"1"-WENN(I3>24%-"0")) 
 Vila Nova ; 16 ; 1 ; 9 ; 6 ; 6.25% ; 56.25% ; 37.50% ; 46.88% ;  ; -28.13% ; 0 ; -26.88% 
 Bahia ; 16 ; 9 ; 2 ; 5 ; 56.25% ; 12.50% ; 31.25% ; 18.75% ;  ;  ; 0 ; -31.25% 
 
 Home/Away ; PJ ; G ; E ; P ; WinningPerncetage ; DrawPerncetage ; LoosingPerncetage ; porcentaje  victorias VISITA + porcentaje DERROTAS local) / 2 ;  ; Resta I4-I3 (57%-22%) ; generalQuikView WENN(I3<25%-"1"-WENN(I3>24%-"0")) 
 Vila Nova ; 8 ; 1 ; 6 ; 1 ; 12.50% ; 75.00% ; 12.50% ; 27.68% ;  ; 0.00% ; 0 ; -7.68% 
 Bahia ; 7 ; 3 ; 1 ; 3 ; 42.86% ; 14.29% ; 42.86% ; 27.68% ;  ;  ; 0 ; -22.32% 
 
 First Goal ; local? ; ScoreFirst ; NoGoal ; ConcededFirst ; WinningAverage ; NoGoalAverage ; ConcedeFirstAverage 
 Vila Nova ; 8 ; 2 ; 4 ; 2 ; 25.00 ; 50.00 ; 25.00 
 Bahia ; 7 ; 4 ; 0 ; 3 ; 57.14 ; 0.00 ; 42.86 
 
 First Goal on the Mache ; total ; 1er ; 2do ; %1er ; %2do 
 Vila Nova ; 2 ; 2 ; 0 ; 100% ; 0% 
 Bahia ; 3 ; 2 ; 1 ; 67% ; 33% 
  ;  ;  ;  ; 83.5% 
 
  ; 0 ; 0 
  ; 0 ; 0 
 
 final Decision ; 1 ; 2 ; 3 ; 4 ; 5 ; 6 ; 7 
  ; -28.13% ; 0.00% ; -7.14% ; -30.36% ; 47.50% ; 52.50% ; -0.07 
  ; 0 ; 0 ; 0 ; 0 ; 0 ; 1 ; 0 ; 1 ; 14.29% 
 
 **************** ; **************** ; **************** ; **************** ; **************** ; **************** ; **************** ; **************** ; **************** ; **************** 
 **************** ; **************** ; **************** ; **************** ; **************** ; **************** ; **************** ; **************** ; **************** ; **************** 
 Canada - Premier League ; 01:30 
 General Stats ; W% ; FailedToScore - FTS ; Clean Sheet - CS ; BTS ; TotalGoalScore - TG ; GoalScorePerMatch - GF ; GoalCondecedPerMatch - GA 
 York Utd ; 29% ; 43% ; 43% ; 29% ; 1.86 ; 0.86 ; 1.00 
 Forge ; 60% ; 20% ; 40% ; 40% ; 3.60 ; 2.40 ; 1.20 
 
 General ; PJ ; G ; E ; P ; generalWinningPerncetage ; generalDrawPerncetage ; generalLoosingPerncetage ; porcentaje  victorias VISITA + porcentaje DERROTAS local) / 2 ;  ; Resta I4-I3 (57%-22%) ; generalQuikView WENN(I3<25%-"1"-WENN(I3>24%-"0")) 
 York Utd ; 13 ; 2 ; 5 ; 6 ; 15.38% ; 38.46% ; 46.15% ; 45.80% ;  ; -19.93% ; 0 ; -25.80% 
 Forge ; 11 ; 5 ; 2 ; 4 ; 45.45% ; 18.18% ; 36.36% ; 25.87% ;  ;  ; 0 ; -24.13% 
 
 Home/Away ; PJ ; G ; E ; P ; WinningPerncetage ; DrawPerncetage ; LoosingPerncetage ; porcentaje  victorias VISITA + porcentaje DERROTAS local) / 2 ;  ; Resta I4-I3 (57%-22%) ; generalQuikView WENN(I3<25%-"1"-WENN(I3>24%-"0")) 
 York Utd ; 7 ; 2 ; 2 ; 3 ; 28.57% ; 28.57% ; 42.86% ; 51.43% ;  ; -17.15% ; 0 ; -31.43% 
 Forge ; 5 ; 3 ; 0 ; 2 ; 60.00% ; 0.00% ; 40.00% ; 34.28% ;  ;  ; 0 ; -15.72% 
 
 First Goal ; local? ; ScoreFirst ; NoGoal ; ConcededFirst ; WinningAverage ; NoGoalAverage ; ConcedeFirstAverage 
 York Utd ; 7 ; 2 ; 1 ; 4 ; 28.57 ; 14.29 ; 57.14 
 Forge ; 5 ; 2 ; 0 ; 3 ; 40.00 ; 0.00 ; 60.00 
 
 First Goal on the Mache ; total ; 1er ; 2do ; %1er ; %2do 
 York Utd ; 2 ; 1 ; 1 ; 50% ; 50% 
 Forge ; 3 ; 2 ; 1 ; 67% ; 33% 
  ;  ;  ;  ; 58.5% 
 
  ; 0 ; 0 
  ; 0 ; 0 
 
 final Decision ; 1 ; 2 ; 3 ; 4 ; 5 ; 6 ; 7 
  ; -19.93% ; -17.15% ; -4.29% ; -31.43% ; 58.50% ; 31.50% ; -0.67 
  ; 0 ; 0 ; 0 ; 0 ; 0 ; 0 ; 0 ; 0 ; 0.00% 
 
 **************** ; **************** ; **************** ; **************** ; **************** ; **************** ; **************** ; **************** ; **************** ; **************** 
 **************** ; **************** ; **************** ; **************** ; **************** ; **************** ; **************** ; **************** ; **************** ; **************** 
 China - Super League ; 10:30 
 General Stats ; W% ; FailedToScore - FTS ; Clean Sheet - CS ; BTS ; TotalGoalScore - TG ; GoalScorePerMatch - GF ; GoalCondecedPerMatch - GA 
 Chengdu ; 0% ; 25% ; 25% ; 75% ; 2.75 ; 1.25 ; 1.50 
 Tianjin-T. ; 50% ; 25% ; 25% ; 50% ; 2.50 ; 1.50 ; 1.00 
 
 General ; PJ ; G ; E ; P ; generalWinningPerncetage ; generalDrawPerncetage ; generalLoosingPerncetage ; porcentaje  victorias VISITA + porcentaje DERROTAS local) / 2 ;  ; Resta I4-I3 (57%-22%) ; generalQuikView WENN(I3<25%-"1"-WENN(I3>24%-"0")) 
 Chengdu ; 8 ; 0 ; 6 ; 2 ; 0.00% ; 75.00% ; 25.00% ; 31.25% ;  ; -12.50% ; 0 ; -11.25% 
 Tianjin-T. ; 8 ; 3 ; 2 ; 3 ; 37.50% ; 25.00% ; 37.50% ; 18.75% ;  ;  ; 0 ; -31.25% 
 
 Home/Away ; PJ ; G ; E ; P ; WinningPerncetage ; DrawPerncetage ; LoosingPerncetage ; porcentaje  victorias VISITA + porcentaje DERROTAS local) / 2 ;  ; Resta I4-I3 (57%-22%) ; generalQuikView WENN(I3<25%-"1"-WENN(I3>24%-"0")) 
 Chengdu ; 4 ; 0 ; 3 ; 1 ; 0.00% ; 75.00% ; 25.00% ; 37.50% ;  ; -25.00% ; 0 ; -17.50% 
 Tianjin-T. ; 4 ; 2 ; 1 ; 1 ; 50.00% ; 25.00% ; 25.00% ; 12.50% ;  ;  ; 0 ; -37.50% 
 
 First Goal ; local? ; ScoreFirst ; NoGoal ; ConcededFirst ; WinningAverage ; NoGoalAverage ; ConcedeFirstAverage 
 Chengdu ; 4 ; 2 ; 1 ; 1 ; 50.00 ; 25.00 ; 25.00 
 Tianjin-T. ; 4 ; 1 ; 0 ; 3 ; 25.00 ; 0.00 ; 75.00 
 
 First Goal on the Mache ; total ; 1er ; 2do ; %1er ; %2do 
 Chengdu ; 2 ; 2 ; 0 ; 100% ; 0% 
 Tianjin-T. ; 3 ; 2 ; 1 ; 67% ; 33% 
  ;  ;  ;  ; 83.5% 
 
  ; 0 ; 1 
  ; 0 ; 0 
 
 final Decision ; 1 ; 2 ; 3 ; 4 ; 5 ; 6 ; 7 
  ; -12.50% ; -25.00% ; 37.50% ; -50.00% ; 75.00% ; 25.00% ; -0.38 
  ; 0 ; 0 ; 1 ; 0 ; 0 ; 0 ; 0 ; 1 ; 14.29% 
 
 **************** ; **************** ; **************** ; **************** ; **************** ; **************** ; **************** ; **************** ; **************** ; **************** 
 **************** ; **************** ; **************** ; **************** ; **************** ; **************** ; **************** ; **************** ; **************** ; **************** 
 China - Super League ; 11:30 
 General Stats ; W% ; FailedToScore - FTS ; Clean Sheet - CS ; BTS ; TotalGoalScore - TG ; GoalScorePerMatch - GF ; GoalCondecedPerMatch - GA 
 Wuhan Three T. ; 100% ; 0% ; 50% ; 50% ; 5.00 ; 4.25 ; 0.75 
 Wuhan-FC ; 50% ; 25% ; 50% ; 25% ; 1.75 ; 0.75 ; 1.00 
 
 General ; PJ ; G ; E ; P ; generalWinningPerncetage ; generalDrawPerncetage ; generalLoosingPerncetage ; porcentaje  victorias VISITA + porcentaje DERROTAS local) / 2 ;  ; Resta I4-I3 (57%-22%) ; generalQuikView WENN(I3<25%-"1"-WENN(I3>24%-"0")) 
 Wuhan Three T. ; 8 ; 7 ; 1 ; 0 ; 87.50% ; 12.50% ; 0.00% ; 25.00% ;  ; 43.75% ; 1 ; -5.00% 
 Wuhan-FC ; 8 ; 4 ; 0 ; 4 ; 50.00% ; 0.00% ; 50.00% ; 68.75% ;  ;  ; 1 ; 18.75% 
 
 Home/Away ; PJ ; G ; E ; P ; WinningPerncetage ; DrawPerncetage ; LoosingPerncetage ; porcentaje  victorias VISITA + porcentaje DERROTAS local) / 2 ;  ; Resta I4-I3 (57%-22%) ; generalQuikView WENN(I3<25%-"1"-WENN(I3>24%-"0")) 
 Wuhan Three T. ; 4 ; 4 ; 0 ; 0 ; 100.00% ; 0.00% ; 0.00% ; 25.00% ;  ; 50.00% ; 0 ; -5.00% 
 Wuhan-FC ; 4 ; 2 ; 0 ; 2 ; 50.00% ; 0.00% ; 50.00% ; 75.00% ;  ;  ; 1 ; 25.00% 
 
 First Goal ; local? ; ScoreFirst ; NoGoal ; ConcededFirst ; WinningAverage ; NoGoalAverage ; ConcedeFirstAverage 
 Wuhan Three T. ; 4 ; 4 ; 0 ; 0 ; 100.00 ; 0.00 ; 0.00 
 Wuhan-FC ; 4 ; 2 ; 0 ; 2 ; 50.00 ; 0.00 ; 50.00 
 
 First Goal on the Mache ; total ; 1er ; 2do ; %1er ; %2do 
 Wuhan Three T. ; 4 ; 4 ; 0 ; 100% ; 0% 
 Wuhan-FC ; 2 ; 2 ; 0 ; 100% ; 0% 
  ;  ;  ;  ; 100% 
 
  ; 1 ; 1 
  ; 0 ; 1 
 
 final Decision ; 1 ; 2 ; 3 ; 4 ; 5 ; 6 ; 7 
  ; 43.75% ; 50.00% ; 50.00% ; 50.00% ; 75.00% ; 37.50% ; 1.88 
  ; 1 ; 1 ; 1 ; 1 ; 0 ; 0 ; 1 ; 5 ; 71.43% 
 
 **************** ; **************** ; **************** ; **************** ; **************** ; **************** ; **************** ; **************** ; **************** ; **************** 
 **************** ; **************** ; **************** ; **************** ; **************** ; **************** ; **************** ; **************** ; **************** ; **************** 
 China - Super League ; 13:30 
 General Stats ; W% ; FailedToScore - FTS ; Clean Sheet - CS ; BTS ; TotalGoalScore - TG ; GoalScorePerMatch - GF ; GoalCondecedPerMatch - GA 
 Guangzhou FC ; 25% ; 50% ; 25% ; 25% ; 1.50 ; 0.50 ; 1.00 
 Shanghai-Port ; 50% ; 25% ; 25% ; 50% ; 2.50 ; 1.25 ; 1.25 
 
 General ; PJ ; G ; E ; P ; generalWinningPerncetage ; generalDrawPerncetage ; generalLoosingPerncetage ; porcentaje  victorias VISITA + porcentaje DERROTAS local) / 2 ;  ; Resta I4-I3 (57%-22%) ; generalQuikView WENN(I3<25%-"1"-WENN(I3>24%-"0")) 
 Guangzhou FC ; 8 ; 1 ; 0 ; 7 ; 12.50% ; 0.00% ; 87.50% ; 68.75% ;  ; -43.75% ; 0 ; -48.75% 
 Shanghai-Port ; 8 ; 4 ; 1 ; 3 ; 50.00% ; 12.50% ; 37.50% ; 25.00% ;  ;  ; 0 ; -25.00% 
 
 Home/Away ; PJ ; G ; E ; P ; WinningPerncetage ; DrawPerncetage ; LoosingPerncetage ; porcentaje  victorias VISITA + porcentaje DERROTAS local) / 2 ;  ; Resta I4-I3 (57%-22%) ; generalQuikView WENN(I3<25%-"1"-WENN(I3>24%-"0")) 
 Guangzhou FC ; 4 ; 1 ; 0 ; 3 ; 25.00% ; 0.00% ; 75.00% ; 62.50% ;  ; -25.00% ; 0 ; -42.50% 
 Shanghai-Port ; 4 ; 2 ; 0 ; 2 ; 50.00% ; 0.00% ; 50.00% ; 37.50% ;  ;  ; 0 ; -12.50% 
 
 First Goal ; local? ; ScoreFirst ; NoGoal ; ConcededFirst ; WinningAverage ; NoGoalAverage ; ConcedeFirstAverage 
 Guangzhou FC ; 4 ; 2 ; 0 ; 2 ; 50.00 ; 0.00 ; 50.00 
 Shanghai-Port ; 4 ; 2 ; 0 ; 2 ; 50.00 ; 0.00 ; 50.00 
 
 First Goal on the Mache ; total ; 1er ; 2do ; %1er ; %2do 
 Guangzhou FC ; 2 ; 1 ; 1 ; 50% ; 50% 
 Shanghai-Port ; 2 ; 1 ; 1 ; 50% ; 50% 
  ;  ;  ;  ; 50% 
 
  ; 0 ; 0 
  ; 0 ; 0 
 
 final Decision ; 1 ; 2 ; 3 ; 4 ; 5 ; 6 ; 7 
  ; -43.75% ; -25.00% ; 0.00% ; -25.00% ; 62.50% ; 25.00% ; -0.25 
  ; 0 ; 0 ; 0 ; 0 ; 0 ; 0 ; 0 ; 0 ; 0.00% 
 
 **************** ; **************** ; **************** ; **************** ; **************** ; **************** ; **************** ; **************** ; **************** ; **************** 
 **************** ; **************** ; **************** ; **************** ; **************** ; **************** ; **************** ; **************** ; **************** ; **************** 
 China - League One ; 09:30 
 General Stats ; W% ; FailedToScore - FTS ; Clean Sheet - CS ; BTS ; TotalGoalScore - TG ; GoalScorePerMatch - GF ; GoalCondecedPerMatch - GA 
 Jiangxi L. ; 33% ; 0% ; 0% ; 100% ; 3.67 ; 1.67 ; 2.00 
 Nanjing ; 33% ; 33% ; 33% ; 33% ; 2.67 ; 1.00 ; 1.67 
 
 General ; PJ ; G ; E ; P ; generalWinningPerncetage ; generalDrawPerncetage ; generalLoosingPerncetage ; porcentaje  victorias VISITA + porcentaje DERROTAS local) / 2 ;  ; Resta I4-I3 (57%-22%) ; generalQuikView WENN(I3<25%-"1"-WENN(I3>24%-"0")) 
 Jiangxi L. ; 6 ; 1 ; 3 ; 2 ; 16.67% ; 50.00% ; 33.33% ; 30.95% ;  ; 5.96% ; 0 ; -10.95% 
 Nanjing ; 7 ; 2 ; 1 ; 4 ; 28.57% ; 14.29% ; 57.14% ; 36.91% ;  ;  ; 0 ; -13.09% 
 
 Home/Away ; PJ ; G ; E ; P ; WinningPerncetage ; DrawPerncetage ; LoosingPerncetage ; porcentaje  victorias VISITA + porcentaje DERROTAS local) / 2 ;  ; Resta I4-I3 (57%-22%) ; generalQuikView WENN(I3<25%-"1"-WENN(I3>24%-"0")) 
 Jiangxi L. ; 3 ; 1 ; 0 ; 2 ; 33.33% ; 0.00% ; 66.67% ; 50.00% ;  ; 0.00% ; 0 ; -30.00% 
 Nanjing ; 3 ; 1 ; 0 ; 2 ; 33.33% ; 0.00% ; 66.67% ; 50.00% ;  ;  ; 1 ; 0.00% 
 
 First Goal ; local? ; ScoreFirst ; NoGoal ; ConcededFirst ; WinningAverage ; NoGoalAverage ; ConcedeFirstAverage 
 Jiangxi L. ; 3 ; 2 ; 0 ; 1 ; 66.67 ; 0.00 ; 33.33 
 Nanjing ; 3 ; 2 ; 0 ; 1 ; 66.67 ; 0.00 ; 33.33 
 
 First Goal on the Mache ; total ; 1er ; 2do ; %1er ; %2do 
 Jiangxi L. ; 2 ; 2 ; 0 ; 100% ; 0% 
 Nanjing ; 1 ; 1 ; 0 ; 100% ; 0% 
  ;  ;  ;  ; 100% 
 
  ; 0 ; 0 
  ; 1 ; 1 
 
 final Decision ; 1 ; 2 ; 3 ; 4 ; 5 ; 6 ; 7 
  ; 5.96% ; 0.00% ; 0.00% ; 0.00% ; 83.50% ; 16.50% ; 0.17 
  ; 0 ; 0 ; 0 ; 0 ; 1 ; 0 ; 0 ; 1 ; 14.29% 
 
 **************** ; **************** ; **************** ; **************** ; **************** ; **************** ; **************** ; **************** ; **************** ; **************** 
 **************** ; **************** ; **************** ; **************** ; **************** ; **************** ; **************** ; **************** ; **************** ; **************** 
 China - League One ; 10:00 
 General Stats ; W% ; FailedToScore - FTS ; Clean Sheet - CS ; BTS ; TotalGoalScore - TG ; GoalScorePerMatch - GF ; GoalCondecedPerMatch - GA 
 Zibo Cuju ; 33% ; 33% ; 33% ; 67% ; 2.67 ; 1.67 ; 1.00 
 Nantong-Zhiyun ; 67% ; 0% ; 33% ; 67% ; 3.33 ; 2.33 ; 1.00 
 
 General ; PJ ; G ; E ; P ; generalWinningPerncetage ; generalDrawPerncetage ; generalLoosingPerncetage ; porcentaje  victorias VISITA + porcentaje DERROTAS local) / 2 ;  ; Resta I4-I3 (57%-22%) ; generalQuikView WENN(I3<25%-"1"-WENN(I3>24%-"0")) 
 Zibo Cuju ; 7 ; 1 ; 3 ; 3 ; 14.29% ; 42.86% ; 42.86% ; 57.15% ;  ; -50.00% ; 0 ; -37.15% 
 Nantong-Zhiyun ; 7 ; 5 ; 2 ; 0 ; 71.43% ; 28.57% ; 0.00% ; 7.14% ;  ;  ; 0 ; -42.86% 
 
 Home/Away ; PJ ; G ; E ; P ; WinningPerncetage ; DrawPerncetage ; LoosingPerncetage ; porcentaje  victorias VISITA + porcentaje DERROTAS local) / 2 ;  ; Resta I4-I3 (57%-22%) ; generalQuikView WENN(I3<25%-"1"-WENN(I3>24%-"0")) 
 Zibo Cuju ; 3 ; 1 ; 2 ; 0 ; 33.33% ; 66.67% ; 0.00% ; 33.34% ;  ; -16.67% ; 0 ; -13.34% 
 Nantong-Zhiyun ; 3 ; 2 ; 1 ; 0 ; 66.67% ; 33.33% ; 0.00% ; 16.66% ;  ;  ; 0 ; -33.34% 
 
 First Goal ; local? ; ScoreFirst ; NoGoal ; ConcededFirst ; WinningAverage ; NoGoalAverage ; ConcedeFirstAverage 
 Zibo Cuju ; 3 ; 1 ; 1 ; 1 ; 33.33 ; 33.33 ; 33.33 
 Nantong-Zhiyun ; 3 ; 2 ; 0 ; 1 ; 66.67 ; 0.00 ; 33.33 
 
 First Goal on the Mache ; total ; 1er ; 2do ; %1er ; %2do 
 Zibo Cuju ; 1 ; 1 ; 0 ; 100% ; 0% 
 Nantong-Zhiyun ; 1 ; 1 ; 0 ; 100% ; 0% 
  ;  ;  ;  ; 100% 
 
  ; 0 ; 0 
  ; 0 ; 0 
 
 final Decision ; 1 ; 2 ; 3 ; 4 ; 5 ; 6 ; 7 
  ; -50.00% ; -16.67% ; -16.67% ; -33.34% ; 67.00% ; 16.50% ; -0.33 
  ; 0 ; 0 ; 0 ; 0 ; 0 ; 0 ; 0 ; 0 ; 0.00% 
 
 **************** ; **************** ; **************** ; **************** ; **************** ; **************** ; **************** ; **************** ; **************** ; **************** 
 **************** ; **************** ; **************** ; **************** ; **************** ; **************** ; **************** ; **************** ; **************** ; **************** 
 China - League One ; 13:30 
 General Stats ; W% ; FailedToScore - FTS ; Clean Sheet - CS ; BTS ; TotalGoalScore - TG ; GoalScorePerMatch - GF ; GoalCondecedPerMatch - GA 
 Sichuan Jiuniu ; 100% ; 0% ; 100% ; 0% ; 2.33 ; 2.33 ; 0.00 
 Heilongjiang-L. ; 33% ; 0% ; 33% ; 67% ; 3.00 ; 1.33 ; 1.67 
 
 General ; PJ ; G ; E ; P ; generalWinningPerncetage ; generalDrawPerncetage ; generalLoosingPerncetage ; porcentaje  victorias VISITA + porcentaje DERROTAS local) / 2 ;  ; Resta I4-I3 (57%-22%) ; generalQuikView WENN(I3<25%-"1"-WENN(I3>24%-"0")) 
 Sichuan Jiuniu ; 7 ; 5 ; 2 ; 0 ; 71.43% ; 28.57% ; 0.00% ; 28.57% ;  ; 28.58% ; 0 ; -8.57% 
 Heilongjiang-L. ; 7 ; 4 ; 0 ; 3 ; 57.14% ; 0.00% ; 42.86% ; 57.15% ;  ;  ; 1 ; 7.15% 
 
 Home/Away ; PJ ; G ; E ; P ; WinningPerncetage ; DrawPerncetage ; LoosingPerncetage ; porcentaje  victorias VISITA + porcentaje DERROTAS local) / 2 ;  ; Resta I4-I3 (57%-22%) ; generalQuikView WENN(I3<25%-"1"-WENN(I3>24%-"0")) 
 Sichuan Jiuniu ; 3 ; 3 ; 0 ; 0 ; 100.00% ; 0.00% ; 0.00% ; 16.66% ;  ; 66.67% ; 1 ; 3.34% 
 Heilongjiang-L. ; 3 ; 1 ; 0 ; 2 ; 33.33% ; 0.00% ; 66.67% ; 83.34% ;  ;  ; 1 ; 33.34% 
 
 First Goal ; local? ; ScoreFirst ; NoGoal ; ConcededFirst ; WinningAverage ; NoGoalAverage ; ConcedeFirstAverage 
 Sichuan Jiuniu ; 3 ; 3 ; 0 ; 0 ; 100.00 ; 0.00 ; 0.00 
 Heilongjiang-L. ; 3 ; 1 ; 0 ; 2 ; 33.33 ; 0.00 ; 66.67 
 
 First Goal on the Mache ; total ; 1er ; 2do ; %1er ; %2do 
 Sichuan Jiuniu ; 3 ; 2 ; 1 ; 67% ; 33% 
 Heilongjiang-L. ; 2 ; 2 ; 0 ; 100% ; 0% 
  ;  ;  ;  ; 83.5% 
 
  ; 1 ; 1 
  ; 0 ; 0 
 
 final Decision ; 1 ; 2 ; 3 ; 4 ; 5 ; 6 ; 7 
  ; 28.58% ; 66.67% ; 66.68% ; 66.67% ; 83.50% ; 50.00% ; 1.33 
  ; 1 ; 1 ; 1 ; 1 ; 1 ; 1 ; 1 ; 7 ; 100.00% 
 
 **************** ; **************** ; **************** ; **************** ; **************** ; **************** ; **************** ; **************** ; **************** ; **************** 
 **************** ; **************** ; **************** ; **************** ; **************** ; **************** ; **************** ; **************** ; **************** ; **************** 
 Colombia - Primera A - Clausura ; 03:10 
 General Stats ; W% ; FailedToScore - FTS ; Clean Sheet - CS ; BTS ; TotalGoalScore - TG ; GoalScorePerMatch - GF ; GoalCondecedPerMatch - GA 
 Patriotas ; 20% ; 70% ; 50% ; 10% ; 1.40 ; 0.50 ; 0.90 
 Junior ; 10% ; 10% ; 10% ; 90% ; 2.40 ; 1.00 ; 1.40 
 
 General ; PJ ; G ; E ; P ; generalWinningPerncetage ; generalDrawPerncetage ; generalLoosingPerncetage ; porcentaje  victorias VISITA + porcentaje DERROTAS local) / 2 ;  ; Resta I4-I3 (57%-22%) ; generalQuikView WENN(I3<25%-"1"-WENN(I3>24%-"0")) 
 Patriotas ; 20 ; 4 ; 6 ; 10 ; 20.00% ; 30.00% ; 50.00% ; 45.00% ;  ; -27.50% ; 0 ; -25.00% 
 Junior ; 20 ; 8 ; 9 ; 3 ; 40.00% ; 45.00% ; 15.00% ; 17.50% ;  ;  ; 0 ; -32.50% 
 
 Home/Away ; PJ ; G ; E ; P ; WinningPerncetage ; DrawPerncetage ; LoosingPerncetage ; porcentaje  victorias VISITA + porcentaje DERROTAS local) / 2 ;  ; Resta I4-I3 (57%-22%) ; generalQuikView WENN(I3<25%-"1"-WENN(I3>24%-"0")) 
 Patriotas ; 10 ; 2 ; 3 ; 5 ; 20.00% ; 30.00% ; 50.00% ; 30.00% ;  ; -10.00% ; 0 ; -10.00% 
 Junior ; 10 ; 1 ; 7 ; 2 ; 10.00% ; 70.00% ; 20.00% ; 20.00% ;  ;  ; 0 ; -30.00% 
 
 First Goal ; local? ; ScoreFirst ; NoGoal ; ConcededFirst ; WinningAverage ; NoGoalAverage ; ConcedeFirstAverage 
 Patriotas ; 10 ; 3 ; 3 ; 4 ; 30.00 ; 30.00 ; 40.00 
 Junior ; 10 ; 5 ; 1 ; 4 ; 50.00 ; 10.00 ; 40.00 
 
 First Goal on the Mache ; total ; 1er ; 2do ; %1er ; %2do 
 Patriotas ; 3 ; 2 ; 1 ; 67% ; 33% 
 Junior ; 4 ; 3 ; 1 ; 75% ; 25% 
  ;  ;  ;  ; 71% 
 
  ; 0 ; 0 
  ; 0 ; 0 
 
 final Decision ; 1 ; 2 ; 3 ; 4 ; 5 ; 6 ; 7 
  ; -27.50% ; -10.00% ; -10.00% ; 10.00% ; 60.00% ; 30.00% ; 0.00 
  ; 0 ; 0 ; 0 ; 0 ; 0 ; 0 ; 0 ; 0 ; 0.00% 
 
 **************** ; **************** ; **************** ; **************** ; **************** ; **************** ; **************** ; **************** ; **************** ; **************** 
 **************** ; **************** ; **************** ; **************** ; **************** ; **************** ; **************** ; **************** ; **************** ; **************** 
 Ecuador - Serie B ; 02:00 
 General Stats ; W% ; FailedToScore - FTS ; Clean Sheet - CS ; BTS ; TotalGoalScore - TG ; GoalScorePerMatch - GF ; GoalCondecedPerMatch - GA 
 I. Juniors ; 43% ; 43% ; 71% ; 14% ; 0.86 ; 0.57 ; 0.29 
 Manta ; 14% ; 86% ; 29% ; 14% ; 1.29 ; 0.29 ; 1.00 
 
 General ; PJ ; G ; E ; P ; generalWinningPerncetage ; generalDrawPerncetage ; generalLoosingPerncetage ; porcentaje  victorias VISITA + porcentaje DERROTAS local) / 2 ;  ; Resta I4-I3 (57%-22%) ; generalQuikView WENN(I3<25%-"1"-WENN(I3>24%-"0")) 
 I. Juniors ; 14 ; 5 ; 3 ; 6 ; 35.71% ; 21.43% ; 42.86% ; 28.57% ;  ; 17.85% ; 0 ; -8.57% 
 Manta ; 14 ; 2 ; 4 ; 8 ; 14.29% ; 28.57% ; 57.14% ; 46.42% ;  ;  ; 0 ; -3.58% 
 
 Home/Away ; PJ ; G ; E ; P ; WinningPerncetage ; DrawPerncetage ; LoosingPerncetage ; porcentaje  victorias VISITA + porcentaje DERROTAS local) / 2 ;  ; Resta I4-I3 (57%-22%) ; generalQuikView WENN(I3<25%-"1"-WENN(I3>24%-"0")) 
 I. Juniors ; 7 ; 3 ; 3 ; 1 ; 42.86% ; 42.86% ; 14.29% ; 14.29% ;  ; 35.71% ; 1 ; 5.71% 
 Manta ; 7 ; 1 ; 2 ; 4 ; 14.29% ; 28.57% ; 57.14% ; 50.00% ;  ;  ; 1 ; 0.00% 
 
  ; 0 ; 0 
  ; 1 ; 1 
 
 final Decision ; 1 ; 2 ; 3 ; 4 ; 5 ; 6 ; 7 
  ; 17.85% ; 35.71% ; 0.00% ; 28.57% ; 64.00% ; 78.50% ; 0.49 
  ; 1 ; 0 ; 0 ; 0 ; 0 ; 1 ; 0 ; 2 ; 28.57% 
 
 **************** ; **************** ; **************** ; **************** ; **************** ; **************** ; **************** ; **************** ; **************** ; **************** 
 **************** ; **************** ; **************** ; **************** ; **************** ; **************** ; **************** ; **************** ; **************** ; **************** 
 Ecuador - Serie B ; 02:30 
 General Stats ; W% ; FailedToScore - FTS ; Clean Sheet - CS ; BTS ; TotalGoalScore - TG ; GoalScorePerMatch - GF ; GoalCondecedPerMatch - GA 
 Libertad ; 33% ; 33% ; 33% ; 50% ; 3.33 ; 1.67 ; 1.67 
 Guayaquil ; 29% ; 29% ; 43% ; 43% ; 1.71 ; 0.71 ; 1.00 
 
 General ; PJ ; G ; E ; P ; generalWinningPerncetage ; generalDrawPerncetage ; generalLoosingPerncetage ; porcentaje  victorias VISITA + porcentaje DERROTAS local) / 2 ;  ; Resta I4-I3 (57%-22%) ; generalQuikView WENN(I3<25%-"1"-WENN(I3>24%-"0")) 
 Libertad ; 14 ; 6 ; 3 ; 5 ; 42.86% ; 21.43% ; 35.71% ; 35.71% ;  ; 3.57% ; 0 ; -15.71% 
 Guayaquil ; 14 ; 5 ; 4 ; 5 ; 35.71% ; 28.57% ; 35.71% ; 39.28% ;  ;  ; 0 ; -10.72% 
 
 Home/Away ; PJ ; G ; E ; P ; WinningPerncetage ; DrawPerncetage ; LoosingPerncetage ; porcentaje  victorias VISITA + porcentaje DERROTAS local) / 2 ;  ; Resta I4-I3 (57%-22%) ; generalQuikView WENN(I3<25%-"1"-WENN(I3>24%-"0")) 
 Libertad ; 6 ; 2 ; 2 ; 2 ; 33.33% ; 33.33% ; 33.33% ; 30.95% ;  ; 7.14% ; 0 ; -10.95% 
 Guayaquil ; 7 ; 2 ; 2 ; 3 ; 28.57% ; 28.57% ; 42.86% ; 38.09% ;  ;  ; 0 ; -11.91% 
 
  ; 1 ; 0 
  ; 0 ; 0 
 
 final Decision ; 1 ; 2 ; 3 ; 4 ; 5 ; 6 ; 7 
  ; 3.57% ; 7.14% ; 0.00% ; 4.76% ; 62.00% ; 31.00% ; 0.15 
  ; 0 ; 0 ; 0 ; 0 ; 0 ; 0 ; 0 ; 0 ; 0.00% 
 
 **************** ; **************** ; **************** ; **************** ; **************** ; **************** ; **************** ; **************** ; **************** ; **************** 
 **************** ; **************** ; **************** ; **************** ; **************** ; **************** ; **************** ; **************** ; **************** ; **************** 
 Iceland - 2. Deild ; 21:15 
 General Stats ; W% ; FailedToScore - FTS ; Clean Sheet - CS ; BTS ; TotalGoalScore - TG ; GoalScorePerMatch - GF ; GoalCondecedPerMatch - GA 
 AEggir ; 80% ; 20% ; 60% ; 40% ; 3.20 ; 2.40 ; 0.80 
 Throttur-R. ; 80% ; 0% ; 80% ; 20% ; 2.00 ; 1.80 ; 0.20 
 
 General ; PJ ; G ; E ; P ; generalWinningPerncetage ; generalDrawPerncetage ; generalLoosingPerncetage ; porcentaje  victorias VISITA + porcentaje DERROTAS local) / 2 ;  ; Resta I4-I3 (57%-22%) ; generalQuikView WENN(I3<25%-"1"-WENN(I3>24%-"0")) 
 AEggir ; 10 ; 7 ; 1 ; 2 ; 70.00% ; 10.00% ; 20.00% ; 50.00% ;  ; -10.00% ; 0 ; -30.00% 
 Throttur-R. ; 10 ; 8 ; 1 ; 1 ; 80.00% ; 10.00% ; 10.00% ; 40.00% ;  ;  ; 0 ; -10.00% 
 
 Home/Away ; PJ ; G ; E ; P ; WinningPerncetage ; DrawPerncetage ; LoosingPerncetage ; porcentaje  victorias VISITA + porcentaje DERROTAS local) / 2 ;  ; Resta I4-I3 (57%-22%) ; generalQuikView WENN(I3<25%-"1"-WENN(I3>24%-"0")) 
 AEggir ; 5 ; 4 ; 1 ; 0 ; 80.00% ; 20.00% ; 0.00% ; 40.00% ;  ; 0.00% ; 0 ; -20.00% 
 Throttur-R. ; 5 ; 4 ; 1 ; 0 ; 80.00% ; 20.00% ; 0.00% ; 40.00% ;  ;  ; 0 ; -10.00% 
 
  ; 1 ; 1 
  ; 0 ; 0 
 
 final Decision ; 1 ; 2 ; 3 ; 4 ; 5 ; 6 ; 7 
  ; -10.00% ; 0.00% ; 0.00% ; 0.00% ; 50.00% ; 30.00% ; 0.00 
  ; 0 ; 0 ; 0 ; 0 ; 0 ; 0 ; 0 ; 0 ; 0.00% 
 
 **************** ; **************** ; **************** ; **************** ; **************** ; **************** ; **************** ; **************** ; **************** ; **************** 
 **************** ; **************** ; **************** ; **************** ; **************** ; **************** ; **************** ; **************** ; **************** ; **************** 
 Iceland - 2. Deild ; 21:15 
 General Stats ; W% ; FailedToScore - FTS ; Clean Sheet - CS ; BTS ; TotalGoalScore - TG ; GoalScorePerMatch - GF ; GoalCondecedPerMatch - GA 
 Haukar ; 40% ; 40% ; 40% ; 20% ; 1.60 ; 0.80 ; 0.80 
 V.-Olafsvik ; 20% ; 60% ; 40% ; 40% ; 3.00 ; 1.20 ; 1.80 
 
 General ; PJ ; G ; E ; P ; generalWinningPerncetage ; generalDrawPerncetage ; generalLoosingPerncetage ; porcentaje  victorias VISITA + porcentaje DERROTAS local) / 2 ;  ; Resta I4-I3 (57%-22%) ; generalQuikView WENN(I3<25%-"1"-WENN(I3>24%-"0")) 
 Haukar ; 10 ; 4 ; 3 ; 3 ; 40.00% ; 30.00% ; 30.00% ; 25.00% ;  ; 25.00% ; 1 ; -5.00% 
 V.-Olafsvik ; 10 ; 2 ; 2 ; 6 ; 20.00% ; 20.00% ; 60.00% ; 50.00% ;  ;  ; 1 ; 0.00% 
 
 Home/Away ; PJ ; G ; E ; P ; WinningPerncetage ; DrawPerncetage ; LoosingPerncetage ; porcentaje  victorias VISITA + porcentaje DERROTAS local) / 2 ;  ; Resta I4-I3 (57%-22%) ; generalQuikView WENN(I3<25%-"1"-WENN(I3>24%-"0")) 
 Haukar ; 5 ; 2 ; 1 ; 2 ; 40.00% ; 20.00% ; 40.00% ; 30.00% ;  ; 10.00% ; 0 ; -10.00% 
 V.-Olafsvik ; 5 ; 1 ; 2 ; 2 ; 20.00% ; 40.00% ; 40.00% ; 40.00% ;  ;  ; 0 ; -10.00% 
 
  ; 1 ; 1 
  ; 1 ; 1 
 
 final Decision ; 1 ; 2 ; 3 ; 4 ; 5 ; 6 ; 7 
  ; 25.00% ; 10.00% ; 0.00% ; 20.00% ; 60.00% ; 50.00% ; 0.30 
  ; 1 ; 0 ; 0 ; 0 ; 0 ; 1 ; 0 ; 2 ; 28.57% 
 
 **************** ; **************** ; **************** ; **************** ; **************** ; **************** ; **************** ; **************** ; **************** ; **************** 
 **************** ; **************** ; **************** ; **************** ; **************** ; **************** ; **************** ; **************** ; **************** ; **************** 
 Iceland - 2. Deild ; 21:15 
 General Stats ; W% ; FailedToScore - FTS ; Clean Sheet - CS ; BTS ; TotalGoalScore - TG ; GoalScorePerMatch - GF ; GoalCondecedPerMatch - GA 
 KF Fjallab. ; 50% ; 25% ; 50% ; 50% ; 2.75 ; 2.00 ; 0.75 
 Hottur-/-Huginn ; 20% ; 60% ; 0% ; 40% ; 3.60 ; 1.20 ; 2.40 
 
 General ; PJ ; G ; E ; P ; generalWinningPerncetage ; generalDrawPerncetage ; generalLoosingPerncetage ; porcentaje  victorias VISITA + porcentaje DERROTAS local) / 2 ;  ; Resta I4-I3 (57%-22%) ; generalQuikView WENN(I3<25%-"1"-WENN(I3>24%-"0")) 
 KF Fjallab. ; 10 ; 2 ; 5 ; 3 ; 20.00% ; 50.00% ; 30.00% ; 20.00% ;  ; 20.00% ; 1 ; 0.00% 
 Hottur-/-Huginn ; 10 ; 1 ; 3 ; 6 ; 10.00% ; 30.00% ; 60.00% ; 40.00% ;  ;  ; 0 ; -10.00% 
 
 Home/Away ; PJ ; G ; E ; P ; WinningPerncetage ; DrawPerncetage ; LoosingPerncetage ; porcentaje  victorias VISITA + porcentaje DERROTAS local) / 2 ;  ; Resta I4-I3 (57%-22%) ; generalQuikView WENN(I3<25%-"1"-WENN(I3>24%-"0")) 
 KF Fjallab. ; 4 ; 2 ; 2 ; 0 ; 50.00% ; 50.00% ; 0.00% ; 10.00% ;  ; 55.00% ; 1 ; 10.00% 
 Hottur-/-Huginn ; 5 ; 1 ; 0 ; 4 ; 20.00% ; 0.00% ; 80.00% ; 65.00% ;  ;  ; 1 ; 15.00% 
 
  ; 0 ; 1 
  ; 1 ; 1 
 
 final Decision ; 1 ; 2 ; 3 ; 4 ; 5 ; 6 ; 7 
  ; 20.00% ; 55.00% ; 0.00% ; 30.00% ; 87.50% ; 55.00% ; 1.23 
  ; 1 ; 1 ; 0 ; 0 ; 1 ; 1 ; 1 ; 5 ; 71.43% 
 
 **************** ; **************** ; **************** ; **************** ; **************** ; **************** ; **************** ; **************** ; **************** ; **************** 
 **************** ; **************** ; **************** ; **************** ; **************** ; **************** ; **************** ; **************** ; **************** ; **************** 
 Iceland - 2. Deild ; 21:15 
 General Stats ; W% ; FailedToScore - FTS ; Clean Sheet - CS ; BTS ; TotalGoalScore - TG ; GoalScorePerMatch - GF ; GoalCondecedPerMatch - GA 
 Njardvk ; 80% ; 0% ; 80% ; 20% ; 4.80 ; 4.40 ; 0.40 
 IR-Reykjavik ; 20% ; 20% ; 20% ; 80% ; 3.40 ; 1.40 ; 2.00 
 
 General ; PJ ; G ; E ; P ; generalWinningPerncetage ; generalDrawPerncetage ; generalLoosingPerncetage ; porcentaje  victorias VISITA + porcentaje DERROTAS local) / 2 ;  ; Resta I4-I3 (57%-22%) ; generalQuikView WENN(I3<25%-"1"-WENN(I3>24%-"0")) 
 Njardvk ; 10 ; 9 ; 1 ; 0 ; 90.00% ; 10.00% ; 0.00% ; 20.00% ;  ; 45.00% ; 1 ; 0.00% 
 IR-Reykjavik ; 10 ; 4 ; 2 ; 4 ; 40.00% ; 20.00% ; 40.00% ; 65.00% ;  ;  ; 1 ; 15.00% 
 
 Home/Away ; PJ ; G ; E ; P ; WinningPerncetage ; DrawPerncetage ; LoosingPerncetage ; porcentaje  victorias VISITA + porcentaje DERROTAS local) / 2 ;  ; Resta I4-I3 (57%-22%) ; generalQuikView WENN(I3<25%-"1"-WENN(I3>24%-"0")) 
 Njardvk ; 5 ; 4 ; 1 ; 0 ; 80.00% ; 20.00% ; 0.00% ; 10.00% ;  ; 60.00% ; 1 ; 10.00% 
 IR-Reykjavik ; 5 ; 1 ; 1 ; 3 ; 20.00% ; 20.00% ; 60.00% ; 70.00% ;  ;  ; 1 ; 20.00% 
 
  ; 1 ; 1 
  ; 0 ; 0 
 
 final Decision ; 1 ; 2 ; 3 ; 4 ; 5 ; 6 ; 7 
  ; 45.00% ; 60.00% ; 0.00% ; 60.00% ; 90.00% ; 50.00% ; 2.30 
  ; 1 ; 1 ; 0 ; 1 ; 1 ; 1 ; 1 ; 6 ; 85.71% 
 
 **************** ; **************** ; **************** ; **************** ; **************** ; **************** ; **************** ; **************** ; **************** ; **************** 
 **************** ; **************** ; **************** ; **************** ; **************** ; **************** ; **************** ; **************** ; **************** ; **************** 
 Ireland - Premier Division ; 20:45 
 General Stats ; W% ; FailedToScore - FTS ; Clean Sheet - CS ; BTS ; TotalGoalScore - TG ; GoalScorePerMatch - GF ; GoalCondecedPerMatch - GA 
 Drogheda Utd ; 40% ; 40% ; 30% ; 40% ; 2.50 ; 1.10 ; 1.40 
 Dundalk ; 20% ; 50% ; 40% ; 40% ; 1.60 ; 0.80 ; 0.80 
 
 General ; PJ ; G ; E ; P ; generalWinningPerncetage ; generalDrawPerncetage ; generalLoosingPerncetage ; porcentaje  victorias VISITA + porcentaje DERROTAS local) / 2 ;  ; Resta I4-I3 (57%-22%) ; generalQuikView WENN(I3<25%-"1"-WENN(I3>24%-"0")) 
 Drogheda Utd ; 21 ; 5 ; 7 ; 9 ; 23.81% ; 33.33% ; 42.86% ; 47.62% ;  ; -30.96% ; 0 ; -27.62% 
 Dundalk ; 21 ; 11 ; 8 ; 2 ; 52.38% ; 38.10% ; 9.52% ; 16.66% ;  ;  ; 0 ; -33.34% 
 
 Home/Away ; PJ ; G ; E ; P ; WinningPerncetage ; DrawPerncetage ; LoosingPerncetage ; porcentaje  victorias VISITA + porcentaje DERROTAS local) / 2 ;  ; Resta I4-I3 (57%-22%) ; generalQuikView WENN(I3<25%-"1"-WENN(I3>24%-"0")) 
 Drogheda Utd ; 10 ; 4 ; 3 ; 3 ; 40.00% ; 30.00% ; 30.00% ; 25.00% ;  ; 5.00% ; 0 ; -5.00% 
 Dundalk ; 10 ; 2 ; 6 ; 2 ; 20.00% ; 60.00% ; 20.00% ; 30.00% ;  ;  ; 0 ; -20.00% 
 
 First Goal ; local? ; ScoreFirst ; NoGoal ; ConcededFirst ; WinningAverage ; NoGoalAverage ; ConcedeFirstAverage 
 Drogheda Utd ; 10 ; 3 ; 1 ; 6 ; 30.00 ; 10.00 ; 60.00 
 Dundalk ; 10 ; 4 ; 3 ; 3 ; 40.00 ; 30.00 ; 30.00 
 
 First Goal on the Mache ; total ; 1er ; 2do ; %1er ; %2do 
 Drogheda Utd ; 3 ; 2 ; 1 ; 67% ; 33% 
 Dundalk ; 3 ; 1 ; 2 ; 33% ; 67% 
  ;  ;  ;  ; 50% 
 
  ; 0 ; 0 
  ; 0 ; 0 
 
 final Decision ; 1 ; 2 ; 3 ; 4 ; 5 ; 6 ; 7 
  ; -30.96% ; 5.00% ; -20.00% ; 20.00% ; 60.00% ; 40.00% ; -0.15 
  ; 0 ; 0 ; 0 ; 0 ; 0 ; 1 ; 0 ; 1 ; 14.29% 
 
 **************** ; **************** ; **************** ; **************** ; **************** ; **************** ; **************** ; **************** ; **************** ; **************** 
 **************** ; **************** ; **************** ; **************** ; **************** ; **************** ; **************** ; **************** ; **************** ; **************** 
 Ireland - Premier Division ; 20:45 
 General Stats ; W% ; FailedToScore - FTS ; Clean Sheet - CS ; BTS ; TotalGoalScore - TG ; GoalScorePerMatch - GF ; GoalCondecedPerMatch - GA 
 Shelbourne ; 30% ; 40% ; 30% ; 40% ; 2.30 ; 0.80 ; 1.50 
 Finn-Harps ; 10% ; 40% ; 20% ; 50% ; 3.10 ; 1.00 ; 2.10 
 
 General ; PJ ; G ; E ; P ; generalWinningPerncetage ; generalDrawPerncetage ; generalLoosingPerncetage ; porcentaje  victorias VISITA + porcentaje DERROTAS local) / 2 ;  ; Resta I4-I3 (57%-22%) ; generalQuikView WENN(I3<25%-"1"-WENN(I3>24%-"0")) 
 Shelbourne ; 21 ; 7 ; 4 ; 10 ; 33.33% ; 19.05% ; 47.62% ; 28.57% ;  ; 19.04% ; 0 ; -8.57% 
 Finn-Harps ; 21 ; 2 ; 6 ; 13 ; 9.52% ; 28.57% ; 61.90% ; 47.61% ;  ;  ; 0 ; -2.39% 
 
 Home/Away ; PJ ; G ; E ; P ; WinningPerncetage ; DrawPerncetage ; LoosingPerncetage ; porcentaje  victorias VISITA + porcentaje DERROTAS local) / 2 ;  ; Resta I4-I3 (57%-22%) ; generalQuikView WENN(I3<25%-"1"-WENN(I3>24%-"0")) 
 Shelbourne ; 10 ; 3 ; 2 ; 5 ; 30.00% ; 20.00% ; 50.00% ; 30.00% ;  ; 15.00% ; 0 ; -10.00% 
 Finn-Harps ; 10 ; 1 ; 3 ; 6 ; 10.00% ; 30.00% ; 60.00% ; 45.00% ;  ;  ; 0 ; -5.00% 
 
 First Goal ; local? ; ScoreFirst ; NoGoal ; ConcededFirst ; WinningAverage ; NoGoalAverage ; ConcedeFirstAverage 
 Shelbourne ; 10 ; 3 ; 1 ; 6 ; 30.00 ; 10.00 ; 60.00 
 Finn-Harps ; 10 ; 4 ; 1 ; 5 ; 40.00 ; 10.00 ; 50.00 
 
 First Goal on the Mache ; total ; 1er ; 2do ; %1er ; %2do 
 Shelbourne ; 3 ; 2 ; 1 ; 67% ; 33% 
 Finn-Harps ; 5 ; 5 ; 0 ; 100% ; 0% 
  ;  ;  ;  ; 83.5% 
 
  ; 0 ; 0 
  ; 1 ; 1 
 
 final Decision ; 1 ; 2 ; 3 ; 4 ; 5 ; 6 ; 7 
  ; 19.04% ; 15.00% ; -10.00% ; 20.00% ; 70.00% ; 35.00% ; 0.20 
  ; 1 ; 0 ; 0 ; 0 ; 0 ; 0 ; 0 ; 1 ; 14.29% 
 
 **************** ; **************** ; **************** ; **************** ; **************** ; **************** ; **************** ; **************** ; **************** ; **************** 
 **************** ; **************** ; **************** ; **************** ; **************** ; **************** ; **************** ; **************** ; **************** ; **************** 
 Ireland - First Division ; 20:45 
 General Stats ; W% ; FailedToScore - FTS ; Clean Sheet - CS ; BTS ; TotalGoalScore - TG ; GoalScorePerMatch - GF ; GoalCondecedPerMatch - GA 
 Athlone Town ; 10% ; 10% ; 0% ; 90% ; 4.20 ; 1.60 ; 2.60 
 Bray-Wanderers ; 20% ; 40% ; 20% ; 50% ; 1.80 ; 0.80 ; 1.00 
 
 General ; PJ ; G ; E ; P ; generalWinningPerncetage ; generalDrawPerncetage ; generalLoosingPerncetage ; porcentaje  victorias VISITA + porcentaje DERROTAS local) / 2 ;  ; Resta I4-I3 (57%-22%) ; generalQuikView WENN(I3<25%-"1"-WENN(I3>24%-"0")) 
 Athlone Town ; 20 ; 1 ; 2 ; 17 ; 5.00% ; 10.00% ; 85.00% ; 49.64% ;  ; -25.71% ; 0 ; -29.64% 
 Bray-Wanderers ; 21 ; 3 ; 9 ; 9 ; 14.29% ; 42.86% ; 42.86% ; 23.93% ;  ;  ; 0 ; -26.07% 
 
 Home/Away ; PJ ; G ; E ; P ; WinningPerncetage ; DrawPerncetage ; LoosingPerncetage ; porcentaje  victorias VISITA + porcentaje DERROTAS local) / 2 ;  ; Resta I4-I3 (57%-22%) ; generalQuikView WENN(I3<25%-"1"-WENN(I3>24%-"0")) 
 Athlone Town ; 10 ; 1 ; 2 ; 7 ; 10.00% ; 20.00% ; 70.00% ; 45.00% ;  ; -25.00% ; 0 ; -25.00% 
 Bray-Wanderers ; 10 ; 2 ; 5 ; 3 ; 20.00% ; 50.00% ; 30.00% ; 20.00% ;  ;  ; 0 ; -30.00% 
 
 First Goal ; local? ; ScoreFirst ; NoGoal ; ConcededFirst ; WinningAverage ; NoGoalAverage ; ConcedeFirstAverage 
 Athlone Town ; 10 ; 4 ; 0 ; 6 ; 40.00 ; 0.00 ; 60.00 
 Bray-Wanderers ; 10 ; 4 ; 1 ; 5 ; 40.00 ; 10.00 ; 50.00 
 
 First Goal on the Mache ; total ; 1er ; 2do ; %1er ; %2do 
 Athlone Town ; 4 ; 3 ; 1 ; 75% ; 25% 
 Bray-Wanderers ; 5 ; 4 ; 1 ; 80% ; 20% 
  ;  ;  ;  ; 77.5% 
 
  ; 0 ; 0 
  ; 1 ; 0 
 
 final Decision ; 1 ; 2 ; 3 ; 4 ; 5 ; 6 ; 7 
  ; -25.71% ; -25.00% ; -5.00% ; -10.00% ; 85.00% ; 20.00% ; -0.40 
  ; 0 ; 0 ; 0 ; 0 ; 1 ; 0 ; 0 ; 1 ; 14.29% 
 
 **************** ; **************** ; **************** ; **************** ; **************** ; **************** ; **************** ; **************** ; **************** ; **************** 
 **************** ; **************** ; **************** ; **************** ; **************** ; **************** ; **************** ; **************** ; **************** ; **************** 
 Ireland - First Division ; 20:45 
 General Stats ; W% ; FailedToScore - FTS ; Clean Sheet - CS ; BTS ; TotalGoalScore - TG ; GoalScorePerMatch - GF ; GoalCondecedPerMatch - GA 
 Galway Utd ; 60% ; 20% ; 60% ; 30% ; 1.90 ; 1.40 ; 0.50 
 Cobh-Ramblers ; 10% ; 40% ; 0% ; 60% ; 3.60 ; 1.20 ; 2.40 
 
 General ; PJ ; G ; E ; P ; generalWinningPerncetage ; generalDrawPerncetage ; generalLoosingPerncetage ; porcentaje  victorias VISITA + porcentaje DERROTAS local) / 2 ;  ; Resta I4-I3 (57%-22%) ; generalQuikView WENN(I3<25%-"1"-WENN(I3>24%-"0")) 
 Galway Utd ; 20 ; 14 ; 3 ; 3 ; 70.00% ; 15.00% ; 15.00% ; 12.50% ;  ; 60.00% ; 1 ; 7.50% 
 Cobh-Ramblers ; 20 ; 2 ; 3 ; 15 ; 10.00% ; 15.00% ; 75.00% ; 72.50% ;  ;  ; 1 ; 22.50% 
 
 Home/Away ; PJ ; G ; E ; P ; WinningPerncetage ; DrawPerncetage ; LoosingPerncetage ; porcentaje  victorias VISITA + porcentaje DERROTAS local) / 2 ;  ; Resta I4-I3 (57%-22%) ; generalQuikView WENN(I3<25%-"1"-WENN(I3>24%-"0")) 
 Galway Utd ; 10 ; 6 ; 3 ; 1 ; 60.00% ; 30.00% ; 10.00% ; 10.00% ;  ; 55.00% ; 1 ; 10.00% 
 Cobh-Ramblers ; 10 ; 1 ; 2 ; 7 ; 10.00% ; 20.00% ; 70.00% ; 65.00% ;  ;  ; 1 ; 15.00% 
 
 First Goal ; local? ; ScoreFirst ; NoGoal ; ConcededFirst ; WinningAverage ; NoGoalAverage ; ConcedeFirstAverage 
 Galway Utd ; 10 ; 6 ; 1 ; 3 ; 60.00 ; 10.00 ; 30.00 
 Cobh-Ramblers ; 10 ; 3 ; 0 ; 7 ; 30.00 ; 0.00 ; 70.00 
 
 First Goal on the Mache ; total ; 1er ; 2do ; %1er ; %2do 
 Galway Utd ; 6 ; 2 ; 4 ; 33% ; 67% 
 Cobh-Ramblers ; 7 ; 5 ; 2 ; 71% ; 29% 
  ;  ;  ;  ; 52% 
 
  ; 1 ; 1 
  ; 1 ; 1 
 
 final Decision ; 1 ; 2 ; 3 ; 4 ; 5 ; 6 ; 7 
  ; 60.00% ; 55.00% ; 35.00% ; 50.00% ; 90.00% ; 50.00% ; 1.05 
  ; 1 ; 1 ; 1 ; 1 ; 1 ; 1 ; 1 ; 7 ; 100.00% 
 
 **************** ; **************** ; **************** ; **************** ; **************** ; **************** ; **************** ; **************** ; **************** ; **************** 
 **************** ; **************** ; **************** ; **************** ; **************** ; **************** ; **************** ; **************** ; **************** ; **************** 
 Ireland - First Division ; 20:45 
 General Stats ; W% ; FailedToScore - FTS ; Clean Sheet - CS ; BTS ; TotalGoalScore - TG ; GoalScorePerMatch - GF ; GoalCondecedPerMatch - GA 
 Treaty Utd ; 40% ; 30% ; 20% ; 60% ; 3.30 ; 1.40 ; 1.90 
 Longford-Town ; 44% ; 22% ; 22% ; 67% ; 3.00 ; 1.56 ; 1.44 
 
 General ; PJ ; G ; E ; P ; generalWinningPerncetage ; generalDrawPerncetage ; generalLoosingPerncetage ; porcentaje  victorias VISITA + porcentaje DERROTAS local) / 2 ;  ; Resta I4-I3 (57%-22%) ; generalQuikView WENN(I3<25%-"1"-WENN(I3>24%-"0")) 
 Treaty Utd ; 21 ; 6 ; 9 ; 6 ; 28.57% ; 42.86% ; 28.57% ; 36.78% ;  ; -10.00% ; 0 ; -16.78% 
 Longford-Town ; 20 ; 9 ; 6 ; 5 ; 45.00% ; 30.00% ; 25.00% ; 26.79% ;  ;  ; 0 ; -23.21% 
 
 Home/Away ; PJ ; G ; E ; P ; WinningPerncetage ; DrawPerncetage ; LoosingPerncetage ; porcentaje  victorias VISITA + porcentaje DERROTAS local) / 2 ;  ; Resta I4-I3 (57%-22%) ; generalQuikView WENN(I3<25%-"1"-WENN(I3>24%-"0")) 
 Treaty Utd ; 10 ; 4 ; 3 ; 3 ; 40.00% ; 30.00% ; 30.00% ; 37.22% ;  ; -0.55% ; 0 ; -17.22% 
 Longford-Town ; 9 ; 4 ; 2 ; 3 ; 44.44% ; 22.22% ; 33.33% ; 36.66% ;  ;  ; 0 ; -13.34% 
 
 First Goal ; local? ; ScoreFirst ; NoGoal ; ConcededFirst ; WinningAverage ; NoGoalAverage ; ConcedeFirstAverage 
 Treaty Utd ; 10 ; 7 ; 1 ; 2 ; 70.00 ; 10.00 ; 20.00 
 Longford-Town ; 9 ; 4 ; 1 ; 4 ; 44.44 ; 11.11 ; 44.44 
 
 First Goal on the Mache ; total ; 1er ; 2do ; %1er ; %2do 
 Treaty Utd ; 7 ; 7 ; 0 ; 100% ; 0% 
 Longford-Town ; 4 ; 2 ; 2 ; 50% ; 50% 
  ;  ;  ;  ; 75% 
 
  ; 0 ; 1 
  ; 0 ; 0 
 
 final Decision ; 1 ; 2 ; 3 ; 4 ; 5 ; 6 ; 7 
  ; -10.00% ; -0.55% ; 25.00% ; -4.44% ; 74.00% ; 21.00% ; -0.31 
  ; 0 ; 0 ; 0 ; 0 ; 0 ; 0 ; 0 ; 0 ; 0.00% 
 
 **************** ; **************** ; **************** ; **************** ; **************** ; **************** ; **************** ; **************** ; **************** ; **************** 
 **************** ; **************** ; **************** ; **************** ; **************** ; **************** ; **************** ; **************** ; **************** ; **************** 
 Ireland - First Division ; 20:45 
 General Stats ; W% ; FailedToScore - FTS ; Clean Sheet - CS ; BTS ; TotalGoalScore - TG ; GoalScorePerMatch - GF ; GoalCondecedPerMatch - GA 
 Waterford ; 67% ; 11% ; 44% ; 44% ; 2.44 ; 1.67 ; 0.78 
 Wexford ; 30% ; 10% ; 30% ; 70% ; 2.80 ; 1.60 ; 1.20 
 
 General ; PJ ; G ; E ; P ; generalWinningPerncetage ; generalDrawPerncetage ; generalLoosingPerncetage ; porcentaje  victorias VISITA + porcentaje DERROTAS local) / 2 ;  ; Resta I4-I3 (57%-22%) ; generalQuikView WENN(I3<25%-"1"-WENN(I3>24%-"0")) 
 Waterford ; 19 ; 12 ; 2 ; 5 ; 63.16% ; 10.53% ; 26.32% ; 29.82% ;  ; 20.80% ; 0 ; -9.82% 
 Wexford ; 21 ; 7 ; 6 ; 8 ; 33.33% ; 28.57% ; 38.10% ; 50.63% ;  ;  ; 1 ; 0.63% 
 
 Home/Away ; PJ ; G ; E ; P ; WinningPerncetage ; DrawPerncetage ; LoosingPerncetage ; porcentaje  victorias VISITA + porcentaje DERROTAS local) / 2 ;  ; Resta I4-I3 (57%-22%) ; generalQuikView WENN(I3<25%-"1"-WENN(I3>24%-"0")) 
 Waterford ; 9 ; 6 ; 1 ; 2 ; 66.67% ; 11.11% ; 22.22% ; 26.11% ;  ; 22.23% ; 0 ; -6.11% 
 Wexford ; 10 ; 3 ; 4 ; 3 ; 30.00% ; 40.00% ; 30.00% ; 48.34% ;  ;  ; 0 ; -1.66% 
 
 First Goal ; local? ; ScoreFirst ; NoGoal ; ConcededFirst ; WinningAverage ; NoGoalAverage ; ConcedeFirstAverage 
 Waterford ; 9 ; 5 ; 0 ; 4 ; 55.56 ; 0.00 ; 44.44 
 Wexford ; 10 ; 4 ; 1 ; 5 ; 40.00 ; 10.00 ; 50.00 
 
 First Goal on the Mache ; total ; 1er ; 2do ; %1er ; %2do 
 Waterford ; 5 ; 2 ; 3 ; 40% ; 60% 
 Wexford ; 5 ; 5 ; 0 ; 100% ; 0% 
  ;  ;  ;  ; 70% 
 
  ; 1 ; 1 
  ; 0 ; 0 
 
 final Decision ; 1 ; 2 ; 3 ; 4 ; 5 ; 6 ; 7 
  ; 20.80% ; 22.23% ; 10.56% ; 36.67% ; 79.50% ; 27.00% ; 0.25 
  ; 1 ; 0 ; 0 ; 1 ; 1 ; 0 ; 0 ; 3 ; 42.86% 
 
 **************** ; **************** ; **************** ; **************** ; **************** ; **************** ; **************** ; **************** ; **************** ; **************** 
 **************** ; **************** ; **************** ; **************** ; **************** ; **************** ; **************** ; **************** ; **************** ; **************** 
 Kazakhstan - First Division ; 00:00 
 General Stats ; W% ; FailedToScore - FTS ; Clean Sheet - CS ; BTS ; TotalGoalScore - TG ; GoalScorePerMatch - GF ; GoalCondecedPerMatch - GA 
 Ekibastuz ; 25% ; 50% ; 75% ; 25% ; 2.25 ; 1.50 ; 0.75 
 Bulat ; 0% ; 50% ; 0% ; 50% ; 4.50 ; 0.50 ; 4.00 
 
 General ; PJ ; G ; E ; P ; generalWinningPerncetage ; generalDrawPerncetage ; generalLoosingPerncetage ; porcentaje  victorias VISITA + porcentaje DERROTAS local) / 2 ;  ; Resta I4-I3 (57%-22%) ; generalQuikView WENN(I3<25%-"1"-WENN(I3>24%-"0")) 
 Ekibastuz ; 10 ; 4 ; 5 ; 1 ; 40.00% ; 50.00% ; 10.00% ; 10.00% ;  ; 50.00% ; 1 ; 10.00% 
 Bulat ; 10 ; 1 ; 1 ; 8 ; 10.00% ; 10.00% ; 80.00% ; 60.00% ;  ;  ; 1 ; 10.00% 
 
 Home/Away ; PJ ; G ; E ; P ; WinningPerncetage ; DrawPerncetage ; LoosingPerncetage ; porcentaje  victorias VISITA + porcentaje DERROTAS local) / 2 ;  ; Resta I4-I3 (57%-22%) ; generalQuikView WENN(I3<25%-"1"-WENN(I3>24%-"0")) 
 Ekibastuz ; 4 ; 1 ; 3 ; 0 ; 25.00% ; 75.00% ; 0.00% ; 0.00% ;  ; 62.50% ; 1 ; 20.00% 
 Bulat ; 4 ; 0 ; 0 ; 4 ; 0.00% ; 0.00% ; 100.00% ; 62.50% ;  ;  ; 1 ; 12.50% 
 
  ; 1 ; 1 
  ; 1 ; 1 
 
 final Decision ; 1 ; 2 ; 3 ; 4 ; 5 ; 6 ; 7 
  ; 50.00% ; 62.50% ; 0.00% ; 25.00% ; 75.00% ; 62.50% ; 2.13 
  ; 1 ; 1 ; 0 ; 0 ; 0 ; 1 ; 1 ; 4 ; 57.14% 
 
 **************** ; **************** ; **************** ; **************** ; **************** ; **************** ; **************** ; **************** ; **************** ; **************** 
 **************** ; **************** ; **************** ; **************** ; **************** ; **************** ; **************** ; **************** ; **************** ; **************** 
 Kazakhstan - First Division ; 00:00 
 General Stats ; W% ; FailedToScore - FTS ; Clean Sheet - CS ; BTS ; TotalGoalScore - TG ; GoalScorePerMatch - GF ; GoalCondecedPerMatch - GA 
 Kyran ; 60% ; 0% ; 0% ; 100% ; 4.40 ; 3.00 ; 1.40 
 Igilik ; 0% ; 80% ; 20% ; 20% ; 2.80 ; 0.40 ; 2.40 
 
 General ; PJ ; G ; E ; P ; generalWinningPerncetage ; generalDrawPerncetage ; generalLoosingPerncetage ; porcentaje  victorias VISITA + porcentaje DERROTAS local) / 2 ;  ; Resta I4-I3 (57%-22%) ; generalQuikView WENN(I3<25%-"1"-WENN(I3>24%-"0")) 
 Kyran ; 10 ; 6 ; 2 ; 2 ; 60.00% ; 20.00% ; 20.00% ; 25.00% ;  ; 35.00% ; 1 ; -5.00% 
 Igilik ; 10 ; 3 ; 1 ; 6 ; 30.00% ; 10.00% ; 60.00% ; 60.00% ;  ;  ; 1 ; 10.00% 
 
 Home/Away ; PJ ; G ; E ; P ; WinningPerncetage ; DrawPerncetage ; LoosingPerncetage ; porcentaje  victorias VISITA + porcentaje DERROTAS local) / 2 ;  ; Resta I4-I3 (57%-22%) ; generalQuikView WENN(I3<25%-"1"-WENN(I3>24%-"0")) 
 Kyran ; 5 ; 3 ; 1 ; 1 ; 60.00% ; 20.00% ; 20.00% ; 10.00% ;  ; 60.00% ; 1 ; 10.00% 
 Igilik ; 5 ; 0 ; 1 ; 4 ; 0.00% ; 20.00% ; 80.00% ; 70.00% ;  ;  ; 1 ; 20.00% 
 
  ; 1 ; 1 
  ; 1 ; 1 
 
 final Decision ; 1 ; 2 ; 3 ; 4 ; 5 ; 6 ; 7 
  ; 35.00% ; 60.00% ; 0.00% ; 60.00% ; 90.00% ; 40.00% ; 1.80 
  ; 1 ; 1 ; 0 ; 1 ; 1 ; 1 ; 1 ; 6 ; 85.71% 
 
 **************** ; **************** ; **************** ; **************** ; **************** ; **************** ; **************** ; **************** ; **************** ; **************** 
 **************** ; **************** ; **************** ; **************** ; **************** ; **************** ; **************** ; **************** ; **************** ; **************** 
 Kazakhstan - First Division ; 00:00 
 General Stats ; W% ; FailedToScore - FTS ; Clean Sheet - CS ; BTS ; TotalGoalScore - TG ; GoalScorePerMatch - GF ; GoalCondecedPerMatch - GA 
 Taraz B ; 60% ; 20% ; 40% ; 60% ; 2.20 ; 1.60 ; 0.60 
 Okzhetpes ; 50% ; 0% ; 50% ; 50% ; 2.75 ; 1.75 ; 1.00 
 
 General ; PJ ; G ; E ; P ; generalWinningPerncetage ; generalDrawPerncetage ; generalLoosingPerncetage ; porcentaje  victorias VISITA + porcentaje DERROTAS local) / 2 ;  ; Resta I4-I3 (57%-22%) ; generalQuikView WENN(I3<25%-"1"-WENN(I3>24%-"0")) 
 Taraz B ; 10 ; 5 ; 5 ; 0 ; 50.00% ; 50.00% ; 0.00% ; 35.00% ;  ; 0.00% ; 0 ; -15.00% 
 Okzhetpes ; 10 ; 7 ; 1 ; 2 ; 70.00% ; 10.00% ; 20.00% ; 35.00% ;  ;  ; 0 ; -15.00% 
 
 Home/Away ; PJ ; G ; E ; P ; WinningPerncetage ; DrawPerncetage ; LoosingPerncetage ; porcentaje  victorias VISITA + porcentaje DERROTAS local) / 2 ;  ; Resta I4-I3 (57%-22%) ; generalQuikView WENN(I3<25%-"1"-WENN(I3>24%-"0")) 
 Taraz B ; 5 ; 3 ; 2 ; 0 ; 60.00% ; 40.00% ; 0.00% ; 25.00% ;  ; 17.50% ; 0 ; -5.00% 
 Okzhetpes ; 4 ; 2 ; 1 ; 1 ; 50.00% ; 25.00% ; 25.00% ; 42.50% ;  ;  ; 0 ; -7.50% 
 
  ; 1 ; 1 
  ; 0 ; 0 
 
 final Decision ; 1 ; 2 ; 3 ; 4 ; 5 ; 6 ; 7 
  ; 0.00% ; 17.50% ; 0.00% ; 10.00% ; 65.00% ; 20.00% ; 0.13 
  ; 0 ; 0 ; 0 ; 0 ; 0 ; 0 ; 0 ; 0 ; 0.00% 
 
 **************** ; **************** ; **************** ; **************** ; **************** ; **************** ; **************** ; **************** ; **************** ; **************** 
 **************** ; **************** ; **************** ; **************** ; **************** ; **************** ; **************** ; **************** ; **************** ; **************** 
 Kazakhstan - First Division ; 00:00 
 General Stats ; W% ; FailedToScore - FTS ; Clean Sheet - CS ; BTS ; TotalGoalScore - TG ; GoalScorePerMatch - GF ; GoalCondecedPerMatch - GA 
 Zhenys ; 25% ; 25% ; 0% ; 75% ; 3.00 ; 1.25 ; 1.75 
 Yassy-Turkistan ; 50% ; 25% ; 25% ; 50% ; 3.25 ; 1.50 ; 1.75 
 
 General ; PJ ; G ; E ; P ; generalWinningPerncetage ; generalDrawPerncetage ; generalLoosingPerncetage ; porcentaje  victorias VISITA + porcentaje DERROTAS local) / 2 ;  ; Resta I4-I3 (57%-22%) ; generalQuikView WENN(I3<25%-"1"-WENN(I3>24%-"0")) 
 Zhenys ; 11 ; 2 ; 4 ; 5 ; 18.18% ; 36.36% ; 45.45% ; 45.45% ;  ; -22.73% ; 0 ; -25.45% 
 Yassy-Turkistan ; 11 ; 5 ; 3 ; 3 ; 45.45% ; 27.27% ; 27.27% ; 22.73% ;  ;  ; 0 ; -27.27% 
 
 Home/Away ; PJ ; G ; E ; P ; WinningPerncetage ; DrawPerncetage ; LoosingPerncetage ; porcentaje  victorias VISITA + porcentaje DERROTAS local) / 2 ;  ; Resta I4-I3 (57%-22%) ; generalQuikView WENN(I3<25%-"1"-WENN(I3>24%-"0")) 
 Zhenys ; 4 ; 1 ; 1 ; 2 ; 25.00% ; 25.00% ; 50.00% ; 50.00% ;  ; -25.00% ; 0 ; -30.00% 
 Yassy-Turkistan ; 4 ; 2 ; 1 ; 1 ; 50.00% ; 25.00% ; 25.00% ; 25.00% ;  ;  ; 0 ; -25.00% 
 
  ; 0 ; 0 
  ; 0 ; 0 
 
 final Decision ; 1 ; 2 ; 3 ; 4 ; 5 ; 6 ; 7 
  ; -22.73% ; -25.00% ; 0.00% ; -25.00% ; 75.00% ; 12.50% ; -0.13 
  ; 0 ; 0 ; 0 ; 0 ; 0 ; 0 ; 0 ; 0 ; 0.00% 
 
 **************** ; **************** ; **************** ; **************** ; **************** ; **************** ; **************** ; **************** ; **************** ; **************** 
 **************** ; **************** ; **************** ; **************** ; **************** ; **************** ; **************** ; **************** ; **************** ; **************** 
 Singapore - Premier League ; 13:45 
 General Stats ; W% ; FailedToScore - FTS ; Clean Sheet - CS ; BTS ; TotalGoalScore - TG ; GoalScorePerMatch - GF ; GoalCondecedPerMatch - GA 
 A. Niigata (S) ; 67% ; 17% ; 33% ; 50% ; 5.00 ; 3.83 ; 1.17 
 Tanjong-Pagar ; 43% ; 14% ; 14% ; 71% ; 4.43 ; 2.14 ; 2.29 
 
 General ; PJ ; G ; E ; P ; generalWinningPerncetage ; generalDrawPerncetage ; generalLoosingPerncetage ; porcentaje  victorias VISITA + porcentaje DERROTAS local) / 2 ;  ; Resta I4-I3 (57%-22%) ; generalQuikView WENN(I3<25%-"1"-WENN(I3>24%-"0")) 
 A. Niigata (S) ; 13 ; 8 ; 4 ; 1 ; 61.54% ; 30.77% ; 7.69% ; 25.27% ;  ; 19.78% ; 0 ; -5.27% 
 Tanjong-Pagar ; 14 ; 6 ; 4 ; 4 ; 42.86% ; 28.57% ; 28.57% ; 45.05% ;  ;  ; 0 ; -4.95% 
 
 Home/Away ; PJ ; G ; E ; P ; WinningPerncetage ; DrawPerncetage ; LoosingPerncetage ; porcentaje  victorias VISITA + porcentaje DERROTAS local) / 2 ;  ; Resta I4-I3 (57%-22%) ; generalQuikView WENN(I3<25%-"1"-WENN(I3>24%-"0")) 
 A. Niigata (S) ; 6 ; 4 ; 1 ; 1 ; 66.67% ; 16.67% ; 16.67% ; 29.77% ;  ; 17.86% ; 0 ; -9.77% 
 Tanjong-Pagar ; 7 ; 3 ; 2 ; 2 ; 42.86% ; 28.57% ; 28.57% ; 47.62% ;  ;  ; 0 ; -2.38% 
 
 First Goal ; local? ; ScoreFirst ; NoGoal ; ConcededFirst ; WinningAverage ; NoGoalAverage ; ConcedeFirstAverage 
 A. Niigata (S) ; 6 ; 5 ; 0 ; 1 ; 83.33 ; 0.00 ; 16.67 
 Tanjong-Pagar ; 7 ; 3 ; 0 ; 4 ; 42.86 ; 0.00 ; 57.14 
 
 First Goal on the Mache ; total ; 1er ; 2do ; %1er ; %2do 
 A. Niigata (S) ; 5 ; 5 ; 0 ; 100% ; 0% 
 Tanjong-Pagar ; 4 ; 4 ; 0 ; 100% ; 0% 
  ;  ;  ;  ; 100% 
 
  ; 1 ; 1 
  ; 0 ; 0 
 
 final Decision ; 1 ; 2 ; 3 ; 4 ; 5 ; 6 ; 7 
  ; 19.78% ; 17.86% ; 40.46% ; 23.81% ; 84.50% ; 23.50% ; 1.41 
  ; 1 ; 0 ; 1 ; 0 ; 1 ; 0 ; 1 ; 4 ; 57.14% 
 
 **************** ; **************** ; **************** ; **************** ; **************** ; **************** ; **************** ; **************** ; **************** ; **************** 
 **************** ; **************** ; **************** ; **************** ; **************** ; **************** ; **************** ; **************** ; **************** ; **************** 
 Singapore - Premier League ; 13:45 
 General Stats ; W% ; FailedToScore - FTS ; Clean Sheet - CS ; BTS ; TotalGoalScore - TG ; GoalScorePerMatch - GF ; GoalCondecedPerMatch - GA 
 Young Lions ; 17% ; 67% ; 0% ; 33% ; 3.50 ; 1.00 ; 2.50 
 Geylang ; 14% ; 29% ; 14% ; 57% ; 3.86 ; 1.14 ; 2.71 
 
 General ; PJ ; G ; E ; P ; generalWinningPerncetage ; generalDrawPerncetage ; generalLoosingPerncetage ; porcentaje  victorias VISITA + porcentaje DERROTAS local) / 2 ;  ; Resta I4-I3 (57%-22%) ; generalQuikView WENN(I3<25%-"1"-WENN(I3>24%-"0")) 
 Young Lions ; 12 ; 1 ; 1 ; 10 ; 8.33% ; 8.33% ; 83.33% ; 52.38% ;  ; -23.21% ; 0 ; -32.38% 
 Geylang ; 14 ; 3 ; 4 ; 7 ; 21.43% ; 28.57% ; 50.00% ; 29.16% ;  ;  ; 0 ; -20.84% 
 
 Home/Away ; PJ ; G ; E ; P ; WinningPerncetage ; DrawPerncetage ; LoosingPerncetage ; porcentaje  victorias VISITA + porcentaje DERROTAS local) / 2 ;  ; Resta I4-I3 (57%-22%) ; generalQuikView WENN(I3<25%-"1"-WENN(I3>24%-"0")) 
 Young Lions ; 6 ; 1 ; 0 ; 5 ; 16.67% ; 0.00% ; 83.33% ; 48.81% ;  ; -4.76% ; 0 ; -28.81% 
 Geylang ; 7 ; 1 ; 1 ; 5 ; 14.29% ; 14.29% ; 71.43% ; 44.05% ;  ;  ; 0 ; -5.95% 
 
 First Goal ; local? ; ScoreFirst ; NoGoal ; ConcededFirst ; WinningAverage ; NoGoalAverage ; ConcedeFirstAverage 
 Young Lions ; 6 ; 2 ; 0 ; 4 ; 33.33 ; 0.00 ; 66.67 
 Geylang ; 7 ; 2 ; 0 ; 5 ; 28.57 ; 0.00 ; 71.43 
 
 First Goal on the Mache ; total ; 1er ; 2do ; %1er ; %2do 
 Young Lions ; 2 ; 2 ; 0 ; 100% ; 0% 
 Geylang ; 5 ; 4 ; 1 ; 80% ; 20% 
  ;  ;  ;  ; 90% 
 
  ; 0 ; 0 
  ; 1 ; 1 
 
 final Decision ; 1 ; 2 ; 3 ; 4 ; 5 ; 6 ; 7 
  ; -23.21% ; -4.76% ; 4.76% ; 2.38% ; 59.50% ; 14.50% ; 0.04 
  ; 0 ; 0 ; 0 ; 0 ; 0 ; 0 ; 0 ; 0 ; 0.00% 
 
 **************** ; **************** ; **************** ; **************** ; **************** ; **************** ; **************** ; **************** ; **************** ; **************** 
 **************** ; **************** ; **************** ; **************** ; **************** ; **************** ; **************** ; **************** ; **************** ; **************** 
 South Korea - K League 1 ; 12:30 
 General Stats ; W% ; FailedToScore - FTS ; Clean Sheet - CS ; BTS ; TotalGoalScore - TG ; GoalScorePerMatch - GF ; GoalCondecedPerMatch - GA 
 Gangwon ; 40% ; 20% ; 30% ; 50% ; 2.50 ; 1.30 ; 1.20 
 Gimcheon-Sangmu ; 10% ; 30% ; 20% ; 60% ; 2.50 ; 1.10 ; 1.40 
 
 General ; PJ ; G ; E ; P ; generalWinningPerncetage ; generalDrawPerncetage ; generalLoosingPerncetage ; porcentaje  victorias VISITA + porcentaje DERROTAS local) / 2 ;  ; Resta I4-I3 (57%-22%) ; generalQuikView WENN(I3<25%-"1"-WENN(I3>24%-"0")) 
 Gangwon ; 20 ; 5 ; 6 ; 9 ; 25.00% ; 30.00% ; 45.00% ; 35.00% ;  ; -2.50% ; 0 ; -15.00% 
 Gimcheon-Sangmu ; 20 ; 5 ; 7 ; 8 ; 25.00% ; 35.00% ; 40.00% ; 32.50% ;  ;  ; 0 ; -17.50% 
 
 Home/Away ; PJ ; G ; E ; P ; WinningPerncetage ; DrawPerncetage ; LoosingPerncetage ; porcentaje  victorias VISITA + porcentaje DERROTAS local) / 2 ;  ; Resta I4-I3 (57%-22%) ; generalQuikView WENN(I3<25%-"1"-WENN(I3>24%-"0")) 
 Gangwon ; 10 ; 4 ; 2 ; 4 ; 40.00% ; 20.00% ; 40.00% ; 25.00% ;  ; 20.00% ; 0 ; -5.00% 
 Gimcheon-Sangmu ; 10 ; 1 ; 4 ; 5 ; 10.00% ; 40.00% ; 50.00% ; 45.00% ;  ;  ; 0 ; -5.00% 
 
 First Goal ; local? ; ScoreFirst ; NoGoal ; ConcededFirst ; WinningAverage ; NoGoalAverage ; ConcedeFirstAverage 
 Gangwon ; 10 ; 6 ; 0 ; 4 ; 60.00 ; 0.00 ; 40.00 
 Gimcheon-Sangmu ; 10 ; 2 ; 1 ; 7 ; 20.00 ; 10.00 ; 70.00 
 
 First Goal on the Mache ; total ; 1er ; 2do ; %1er ; %2do 
 Gangwon ; 6 ; 4 ; 2 ; 67% ; 33% 
 Gimcheon-Sangmu ; 7 ; 7 ; 0 ; 100% ; 0% 
  ;  ;  ;  ; 83.5% 
 
  ; 0 ; 0 
  ; 1 ; 0 
 
 final Decision ; 1 ; 2 ; 3 ; 4 ; 5 ; 6 ; 7 
  ; -2.50% ; 20.00% ; 35.00% ; 30.00% ; 80.00% ; 30.00% ; 0.20 
  ; 0 ; 0 ; 1 ; 0 ; 1 ; 0 ; 0 ; 2 ; 28.57% 
 
 **************** ; **************** ; **************** ; **************** ; **************** ; **************** ; **************** ; **************** ; **************** ; **************** 
 **************** ; **************** ; **************** ; **************** ; **************** ; **************** ; **************** ; **************** ; **************** ; **************** 
 South Korea - K League 1 ; 12:30 
 General Stats ; W% ; FailedToScore - FTS ; Clean Sheet - CS ; BTS ; TotalGoalScore - TG ; GoalScorePerMatch - GF ; GoalCondecedPerMatch - GA 
 Jeju Utd ; 30% ; 50% ; 50% ; 40% ; 1.90 ; 1.00 ; 0.90 
 Seongnam ; 22% ; 56% ; 22% ; 33% ; 2.11 ; 0.78 ; 1.33 
 
 General ; PJ ; G ; E ; P ; generalWinningPerncetage ; generalDrawPerncetage ; generalLoosingPerncetage ; porcentaje  victorias VISITA + porcentaje DERROTAS local) / 2 ;  ; Resta I4-I3 (57%-22%) ; generalQuikView WENN(I3<25%-"1"-WENN(I3>24%-"0")) 
 Jeju Utd ; 20 ; 8 ; 6 ; 6 ; 40.00% ; 30.00% ; 30.00% ; 20.00% ;  ; 30.00% ; 1 ; 0.00% 
 Seongnam ; 20 ; 2 ; 6 ; 12 ; 10.00% ; 30.00% ; 60.00% ; 50.00% ;  ;  ; 1 ; 0.00% 
 
 Home/Away ; PJ ; G ; E ; P ; WinningPerncetage ; DrawPerncetage ; LoosingPerncetage ; porcentaje  victorias VISITA + porcentaje DERROTAS local) / 2 ;  ; Resta I4-I3 (57%-22%) ; generalQuikView WENN(I3<25%-"1"-WENN(I3>24%-"0")) 
 Jeju Utd ; 10 ; 3 ; 5 ; 2 ; 30.00% ; 50.00% ; 20.00% ; 21.11% ;  ; 21.67% ; 0 ; -1.11% 
 Seongnam ; 9 ; 2 ; 2 ; 5 ; 22.22% ; 22.22% ; 55.56% ; 42.78% ;  ;  ; 0 ; -7.22% 
 
 First Goal ; local? ; ScoreFirst ; NoGoal ; ConcededFirst ; WinningAverage ; NoGoalAverage ; ConcedeFirstAverage 
 Jeju Utd ; 10 ; 4 ; 4 ; 2 ; 40.00 ; 40.00 ; 20.00 
 Seongnam ; 9 ; 4 ; 1 ; 4 ; 44.44 ; 11.11 ; 44.44 
 
 First Goal on the Mache ; total ; 1er ; 2do ; %1er ; %2do 
 Jeju Utd ; 4 ; 4 ; 0 ; 100% ; 0% 
 Seongnam ; 4 ; 0 ; 4 ; 0% ; 100% 
  ;  ;  ;  ; 50% 
 
  ; 1 ; 1 
  ; 1 ; 1 
 
 final Decision ; 1 ; 2 ; 3 ; 4 ; 5 ; 6 ; 7 
  ; 30.00% ; 21.67% ; 10.00% ; 7.78% ; 64.00% ; 53.00% ; 0.32 
  ; 1 ; 0 ; 0 ; 0 ; 0 ; 1 ; 0 ; 2 ; 28.57% 
 
 **************** ; **************** ; **************** ; **************** ; **************** ; **************** ; **************** ; **************** ; **************** ; **************** 
 **************** ; **************** ; **************** ; **************** ; **************** ; **************** ; **************** ; **************** ; **************** ; **************** 
 South Korea - K3 League ; 12:00 
 General Stats ; W% ; FailedToScore - FTS ; Clean Sheet - CS ; BTS ; TotalGoalScore - TG ; GoalScorePerMatch - GF ; GoalCondecedPerMatch - GA 
 Mokpo City ; 33% ; 56% ; 56% ; 22% ; 1.56 ; 0.89 ; 0.67 
 Changwon ; 44% ; 22% ; 33% ; 56% ; 2.33 ; 1.22 ; 1.11 
 
 General ; PJ ; G ; E ; P ; generalWinningPerncetage ; generalDrawPerncetage ; generalLoosingPerncetage ; porcentaje  victorias VISITA + porcentaje DERROTAS local) / 2 ;  ; Resta I4-I3 (57%-22%) ; generalQuikView WENN(I3<25%-"1"-WENN(I3>24%-"0")) 
 Mokpo City ; 19 ; 6 ; 4 ; 9 ; 31.58% ; 21.05% ; 47.37% ; 47.37% ;  ; -15.79% ; 0 ; -27.37% 
 Changwon ; 19 ; 9 ; 4 ; 6 ; 47.37% ; 21.05% ; 31.58% ; 31.58% ;  ;  ; 0 ; -18.42% 
 
 Home/Away ; PJ ; G ; E ; P ; WinningPerncetage ; DrawPerncetage ; LoosingPerncetage ; porcentaje  victorias VISITA + porcentaje DERROTAS local) / 2 ;  ; Resta I4-I3 (57%-22%) ; generalQuikView WENN(I3<25%-"1"-WENN(I3>24%-"0")) 
 Mokpo City ; 9 ; 3 ; 3 ; 3 ; 33.33% ; 33.33% ; 33.33% ; 38.88% ;  ; -5.55% ; 0 ; -18.88% 
 Changwon ; 9 ; 4 ; 2 ; 3 ; 44.44% ; 22.22% ; 33.33% ; 33.33% ;  ;  ; 0 ; -16.67% 
 
  ; 0 ; 0 
  ; 0 ; 0 
 
 final Decision ; 1 ; 2 ; 3 ; 4 ; 5 ; 6 ; 7 
  ; -15.79% ; -5.55% ; 0.00% ; -11.11% ; 55.50% ; 39.00% ; 0.05 
  ; 0 ; 0 ; 0 ; 0 ; 0 ; 0 ; 0 ; 0 ; 0.00% 
 
 **************** ; **************** ; **************** ; **************** ; **************** ; **************** ; **************** ; **************** ; **************** ; **************** 
 **************** ; **************** ; **************** ; **************** ; **************** ; **************** ; **************** ; **************** ; **************** ; **************** 
 Uruguay - Primera Division - Intermediate ; 20:00 
 General Stats ; W% ; FailedToScore - FTS ; Clean Sheet - CS ; BTS ; TotalGoalScore - TG ; GoalScorePerMatch - GF ; GoalCondecedPerMatch - GA 
 Albion ; 0% ; 0% ; 0% ; 100% ; 2.00 ; 1.00 ; 1.00 
 D.-Maldonado ; 0% ; 50% ; 50% ; 50% ; 1.00 ; 0.50 ; 0.50 
 
 General ; PJ ; G ; E ; P ; generalWinningPerncetage ; generalDrawPerncetage ; generalLoosingPerncetage ; porcentaje  victorias VISITA + porcentaje DERROTAS local) / 2 ;  ; Resta I4-I3 (57%-22%) ; generalQuikView WENN(I3<25%-"1"-WENN(I3>24%-"0")) 
 Albion ; 3 ; 2 ; 1 ; 0 ; 66.67% ; 33.33% ; 0.00% ; 0.00% ;  ; 50.00% ; 1 ; 20.00% 
 D.-Maldonado ; 3 ; 0 ; 2 ; 1 ; 0.00% ; 66.67% ; 33.33% ; 50.00% ;  ;  ; 1 ; 0.00% 
 
 Home/Away ; PJ ; G ; E ; P ; WinningPerncetage ; DrawPerncetage ; LoosingPerncetage ; porcentaje  victorias VISITA + porcentaje DERROTAS local) / 2 ;  ; Resta I4-I3 (57%-22%) ; generalQuikView WENN(I3<25%-"1"-WENN(I3>24%-"0")) 
 Albion ; 1 ; 0 ; 1 ; 0 ; 0.00% ; 100.00% ; 0.00% ; 0.00% ;  ; 0.00% ; 1 ; 20.00% 
 D.-Maldonado ; 2 ; 0 ; 2 ; 0 ; 0.00% ; 100.00% ; 0.00% ; 0.00% ;  ;  ; 0 ; -50.00% 
 
 First Goal ; local? ; ScoreFirst ; NoGoal ; ConcededFirst ; WinningAverage ; NoGoalAverage ; ConcedeFirstAverage 
 Albion ; 1 ; 1 ; 0 ; 0 ; 100.00 ; 0.00 ; 0.00 
 D.-Maldonado ; 2 ; 0 ; 1 ; 1 ; 0.00 ; 50.00 ; 50.00 
 
 First Goal on the Mache ; total ; 1er ; 2do ; %1er ; %2do 
 Albion ; 1 ; 0 ; 1 ; 0% ; 100% 
 D.-Maldonado ; 1 ; 1 ; 0 ; 100% ; 0% 
  ;  ;  ;  ; 50% 
 
  ; 1 ; 1 
  ; 1 ; 0 
 
 final Decision ; 1 ; 2 ; 3 ; 4 ; 5 ; 6 ; 7 
  ; 50.00% ; 0.00% ; 75.00% ; 0.00% ; 75.00% ; 25.00% ; 0.00 
  ; 1 ; 0 ; 1 ; 0 ; 0 ; 0 ; 0 ; 2 ; 28.57% 
 
 **************** ; **************** ; **************** ; **************** ; **************** ; **************** ; **************** ; **************** ; **************** ; **************** 
 **************** ; **************** ; **************** ; **************** ; **************** ; **************** ; **************** ; **************** ; **************** ; **************** 
 Uruguay - Primera Division - Intermediate ; 00:00 
 General Stats ; W% ; FailedToScore - FTS ; Clean Sheet - CS ; BTS ; TotalGoalScore - TG ; GoalScorePerMatch - GF ; GoalCondecedPerMatch - GA 
 Plaza Colonia ; 50% ; 50% ; 100% ; 0% ; 1.50 ; 1.50 ; 0.00 
 River-Plate ; 0% ; 100% ; 0% ; 0% ; 3.00 ; 0.00 ; 3.00 
 
 General ; PJ ; G ; E ; P ; generalWinningPerncetage ; generalDrawPerncetage ; generalLoosingPerncetage ; porcentaje  victorias VISITA + porcentaje DERROTAS local) / 2 ;  ; Resta I4-I3 (57%-22%) ; generalQuikView WENN(I3<25%-"1"-WENN(I3>24%-"0")) 
 Plaza Colonia ; 3 ; 1 ; 1 ; 1 ; 33.33% ; 33.33% ; 33.33% ; 33.33% ;  ; 16.67% ; 0 ; -13.33% 
 River-Plate ; 3 ; 1 ; 0 ; 2 ; 33.33% ; 0.00% ; 66.67% ; 50.00% ;  ;  ; 1 ; 0.00% 
 
 Home/Away ; PJ ; G ; E ; P ; WinningPerncetage ; DrawPerncetage ; LoosingPerncetage ; porcentaje  victorias VISITA + porcentaje DERROTAS local) / 2 ;  ; Resta I4-I3 (57%-22%) ; generalQuikView WENN(I3<25%-"1"-WENN(I3>24%-"0")) 
 Plaza Colonia ; 2 ; 1 ; 1 ; 0 ; 50.00% ; 50.00% ; 0.00% ; 0.00% ;  ; 75.00% ; 1 ; 20.00% 
 River-Plate ; 1 ; 0 ; 0 ; 1 ; 0.00% ; 0.00% ; 100.00% ; 75.00% ;  ;  ; 1 ; 25.00% 
 
 First Goal ; local? ; ScoreFirst ; NoGoal ; ConcededFirst ; WinningAverage ; NoGoalAverage ; ConcedeFirstAverage 
 Plaza Colonia ; 2 ; 1 ; 1 ; 0 ; 50.00 ; 50.00 ; 0.00 
 River-Plate ; 1 ; 0 ; 0 ; 1 ; 0.00 ; 0.00 ; 100.00 
 
 First Goal on the Mache ; total ; 1er ; 2do ; %1er ; %2do 
 Plaza Colonia ; 1 ; 1 ; 0 ; 100% ; 0% 
 River-Plate ; 1 ; 1 ; 0 ; 100% ; 0% 
  ;  ;  ;  ; 100% 
 
  ; 0 ; 0 
  ; 0 ; 1 
 
 final Decision ; 1 ; 2 ; 3 ; 4 ; 5 ; 6 ; 7 
  ; 16.67% ; 75.00% ; 75.00% ; 50.00% ; 75.00% ; 100.00% ; 2.25 
  ; 1 ; 1 ; 1 ; 1 ; 0 ; 1 ; 1 ; 6 ; 85.71% 
 
 **************** ; **************** ; **************** ; **************** ; **************** ; **************** ; **************** ; **************** ; **************** ; **************** 
 **************** ; **************** ; **************** ; **************** ; **************** ; **************** ; **************** ; **************** ; **************** ; **************** 
 USA - MLS ; 01:30 
 General Stats ; W% ; FailedToScore - FTS ; Clean Sheet - CS ; BTS ; TotalGoalScore - TG ; GoalScorePerMatch - GF ; GoalCondecedPerMatch - GA 
 Philadelphia ; 44% ; 11% ; 44% ; 56% ; 1.78 ; 1.22 ; 0.56 
 DC-United ; 29% ; 29% ; 14% ; 57% ; 3.57 ; 1.43 ; 2.14 
 
 General ; PJ ; G ; E ; P ; generalWinningPerncetage ; generalDrawPerncetage ; generalLoosingPerncetage ; porcentaje  victorias VISITA + porcentaje DERROTAS local) / 2 ;  ; Resta I4-I3 (57%-22%) ; generalQuikView WENN(I3<25%-"1"-WENN(I3>24%-"0")) 
 Philadelphia ; 18 ; 7 ; 9 ; 2 ; 38.89% ; 50.00% ; 11.11% ; 21.18% ;  ; 26.39% ; 1 ; -1.18% 
 DC-United ; 16 ; 5 ; 2 ; 9 ; 31.25% ; 12.50% ; 56.25% ; 47.57% ;  ;  ; 0 ; -2.43% 
 
 Home/Away ; PJ ; G ; E ; P ; WinningPerncetage ; DrawPerncetage ; LoosingPerncetage ; porcentaje  victorias VISITA + porcentaje DERROTAS local) / 2 ;  ; Resta I4-I3 (57%-22%) ; generalQuikView WENN(I3<25%-"1"-WENN(I3>24%-"0")) 
 Philadelphia ; 9 ; 4 ; 5 ; 0 ; 44.44% ; 55.56% ; 0.00% ; 14.29% ;  ; 36.50% ; 1 ; 5.71% 
 DC-United ; 7 ; 2 ; 1 ; 4 ; 28.57% ; 14.29% ; 57.14% ; 50.79% ;  ;  ; 1 ; 0.79% 
 
 First Goal ; local? ; ScoreFirst ; NoGoal ; ConcededFirst ; WinningAverage ; NoGoalAverage ; ConcedeFirstAverage 
 Philadelphia ; 9 ; 7 ; 1 ; 1 ; 77.78 ; 11.11 ; 11.11 
 DC-United ; 7 ; 3 ; 0 ; 4 ; 42.86 ; 0.00 ; 57.14 
 
 First Goal on the Mache ; total ; 1er ; 2do ; %1er ; %2do 
 Philadelphia ; 7 ; 6 ; 1 ; 86% ; 14% 
 DC-United ; 4 ; 2 ; 2 ; 50% ; 50% 
  ;  ;  ;  ; 68% 
 
  ; 0 ; 1 
  ; 0 ; 1 
 
 final Decision ; 1 ; 2 ; 3 ; 4 ; 5 ; 6 ; 7 
  ; 26.39% ; 36.50% ; 40.48% ; 15.87% ; 87.50% ; 36.50% ; 0.69 
  ; 1 ; 0 ; 1 ; 0 ; 1 ; 0 ; 0 ; 3 ; 42.86% 
 
 **************** ; **************** ; **************** ; **************** ; **************** ; **************** ; **************** ; **************** ; **************** ; **************** 
 **************** ; **************** ; **************** ; **************** ; **************** ; **************** ; **************** ; **************** ; **************** ; **************** 
 USA - USL League One ; 01:00 
 General Stats ; W% ; FailedToScore - FTS ; Clean Sheet - CS ; BTS ; TotalGoalScore - TG ; GoalScorePerMatch - GF ; GoalCondecedPerMatch - GA 
 Charlotte ; 57% ; 0% ; 0% ; 100% ; 4.14 ; 2.43 ; 1.71 
 Richmond-K. ; 40% ; 20% ; 20% ; 60% ; 2.20 ; 1.00 ; 1.20 
 
 General ; PJ ; G ; E ; P ; generalWinningPerncetage ; generalDrawPerncetage ; generalLoosingPerncetage ; porcentaje  victorias VISITA + porcentaje DERROTAS local) / 2 ;  ; Resta I4-I3 (57%-22%) ; generalQuikView WENN(I3<25%-"1"-WENN(I3>24%-"0")) 
 Charlotte ; 14 ; 5 ; 3 ; 6 ; 35.71% ; 21.43% ; 42.86% ; 46.43% ;  ; -14.29% ; 0 ; -26.43% 
 Richmond-K. ; 14 ; 7 ; 3 ; 4 ; 50.00% ; 21.43% ; 28.57% ; 32.14% ;  ;  ; 0 ; -17.86% 
 
 Home/Away ; PJ ; G ; E ; P ; WinningPerncetage ; DrawPerncetage ; LoosingPerncetage ; porcentaje  victorias VISITA + porcentaje DERROTAS local) / 2 ;  ; Resta I4-I3 (57%-22%) ; generalQuikView WENN(I3<25%-"1"-WENN(I3>24%-"0")) 
 Charlotte ; 7 ; 4 ; 1 ; 2 ; 57.14% ; 14.29% ; 28.57% ; 34.28% ;  ; 24.29% ; 0 ; -14.28% 
 Richmond-K. ; 5 ; 2 ; 0 ; 3 ; 40.00% ; 0.00% ; 60.00% ; 58.57% ;  ;  ; 1 ; 8.57% 
 
 First Goal ; local? ; ScoreFirst ; NoGoal ; ConcededFirst ; WinningAverage ; NoGoalAverage ; ConcedeFirstAverage 
 Charlotte ; 7 ; 3 ; 0 ; 4 ; 42.86 ; 0.00 ; 57.14 
 Richmond-K. ; 5 ; 4 ; 0 ; 1 ; 80.00 ; 0.00 ; 20.00 
 
 First Goal on the Mache ; total ; 1er ; 2do ; %1er ; %2do 
 Charlotte ; 3 ; 3 ; 0 ; 100% ; 0% 
 Richmond-K. ; 1 ; 0 ; 1 ; 0% ; 100% 
  ;  ;  ;  ; 50% 
 
  ; 0 ; 0 
  ; 0 ; 0 
 
 final Decision ; 1 ; 2 ; 3 ; 4 ; 5 ; 6 ; 7 
  ; -14.29% ; 24.29% ; -37.14% ; 17.14% ; 90.00% ; 10.00% ; 0.46 
  ; 0 ; 0 ; 0 ; 0 ; 1 ; 0 ; 0 ; 1 ; 14.29% 
 
 **************** ; **************** ; **************** ; **************** ; **************** ; **************** ; **************** ; **************** ; **************** ; **************** 
 **************** ; **************** ; **************** ; **************** ; **************** ; **************** ; **************** ; **************** ; **************** ; **************** 
 USA - NISA ; 01:00 
 General Stats ; W% ; FailedToScore - FTS ; Clean Sheet - CS ; BTS ; TotalGoalScore - TG ; GoalScorePerMatch - GF ; GoalCondecedPerMatch - GA 
 Syracuse Pulse ; 17% ; 67% ; 17% ; 33% ; 2.17 ; 0.67 ; 1.50 
 Flower-City ; 14% ; 43% ; 29% ; 43% ; 2.86 ; 0.57 ; 2.29 
 
 General ; PJ ; G ; E ; P ; generalWinningPerncetage ; generalDrawPerncetage ; generalLoosingPerncetage ; porcentaje  victorias VISITA + porcentaje DERROTAS local) / 2 ;  ; Resta I4-I3 (57%-22%) ; generalQuikView WENN(I3<25%-"1"-WENN(I3>24%-"0")) 
 Syracuse Pulse ; 12 ; 2 ; 2 ; 8 ; 16.67% ; 16.67% ; 66.67% ; 42.71% ;  ; 0.00% ; 0 ; -22.71% 
 Flower-City ; 16 ; 3 ; 2 ; 11 ; 18.75% ; 12.50% ; 68.75% ; 42.71% ;  ;  ; 0 ; -7.29% 
 
 Home/Away ; PJ ; G ; E ; P ; WinningPerncetage ; DrawPerncetage ; LoosingPerncetage ; porcentaje  victorias VISITA + porcentaje DERROTAS local) / 2 ;  ; Resta I4-I3 (57%-22%) ; generalQuikView WENN(I3<25%-"1"-WENN(I3>24%-"0")) 
 Syracuse Pulse ; 6 ; 1 ; 1 ; 4 ; 16.67% ; 16.67% ; 66.67% ; 40.48% ;  ; 3.57% ; 0 ; -20.48% 
 Flower-City ; 7 ; 1 ; 1 ; 5 ; 14.29% ; 14.29% ; 71.43% ; 44.05% ;  ;  ; 0 ; -5.95% 
 
  ; 0 ; 0 
  ; 1 ; 1 
 
 final Decision ; 1 ; 2 ; 3 ; 4 ; 5 ; 6 ; 7 
  ; 0.00% ; 3.57% ; 0.00% ; 2.38% ; 52.00% ; 30.00% ; 0.45 
  ; 0 ; 0 ; 0 ; 0 ; 0 ; 0 ; 0 ; 0 ; 0.00% 
 
 **************** ; **************** ; **************** ; **************** ; **************** ; **************** ; **************** ; **************** ; **************** ; **************** 
 **************** ; **************** ; **************** ; **************** ; **************** ; **************** ; **************** ; **************** ; **************** ; **************** 
 Venezuela - Primera Division ; 23:00 
 General Stats ; W% ; FailedToScore - FTS ; Clean Sheet - CS ; BTS ; TotalGoalScore - TG ; GoalScorePerMatch - GF ; GoalCondecedPerMatch - GA 
 Monagas ; 62% ; 12% ; 38% ; 50% ; 3.00 ; 1.88 ; 1.13 
 D.-La-Guaira ; 25% ; 38% ; 25% ; 50% ; 3.38 ; 1.63 ; 1.75 
 
 General ; PJ ; G ; E ; P ; generalWinningPerncetage ; generalDrawPerncetage ; generalLoosingPerncetage ; porcentaje  victorias VISITA + porcentaje DERROTAS local) / 2 ;  ; Resta I4-I3 (57%-22%) ; generalQuikView WENN(I3<25%-"1"-WENN(I3>24%-"0")) 
 Monagas ; 18 ; 9 ; 4 ; 5 ; 50.00% ; 22.22% ; 27.78% ; 33.34% ;  ; 5.55% ; 0 ; -13.34% 
 D.-La-Guaira ; 18 ; 7 ; 6 ; 5 ; 38.89% ; 33.33% ; 27.78% ; 38.89% ;  ;  ; 0 ; -11.11% 
 
 Home/Away ; PJ ; G ; E ; P ; WinningPerncetage ; DrawPerncetage ; LoosingPerncetage ; porcentaje  victorias VISITA + porcentaje DERROTAS local) / 2 ;  ; Resta I4-I3 (57%-22%) ; generalQuikView WENN(I3<25%-"1"-WENN(I3>24%-"0")) 
 Monagas ; 8 ; 5 ; 1 ; 2 ; 62.50% ; 12.50% ; 25.00% ; 25.00% ;  ; 25.00% ; 0 ; -5.00% 
 D.-La-Guaira ; 8 ; 2 ; 3 ; 3 ; 25.00% ; 37.50% ; 37.50% ; 50.00% ;  ;  ; 1 ; 0.00% 
 
 First Goal ; local? ; ScoreFirst ; NoGoal ; ConcededFirst ; WinningAverage ; NoGoalAverage ; ConcedeFirstAverage 
 Monagas ; 8 ; 6 ; 0 ; 2 ; 75.00 ; 0.00 ; 25.00 
 D.-La-Guaira ; 8 ; 3 ; 1 ; 4 ; 37.50 ; 12.50 ; 50.00 
 
 First Goal on the Mache ; total ; 1er ; 2do ; %1er ; %2do 
 Monagas ; 6 ; 5 ; 1 ; 83% ; 17% 
 D.-La-Guaira ; 4 ; 2 ; 2 ; 50% ; 50% 
  ;  ;  ;  ; 66.5% 
 
  ; 1 ; 1 
  ; 0 ; 0 
 
 final Decision ; 1 ; 2 ; 3 ; 4 ; 5 ; 6 ; 7 
  ; 5.55% ; 25.00% ; 31.25% ; 37.50% ; 81.50% ; 38.00% ; 0.44 
  ; 0 ; 0 ; 0 ; 1 ; 1 ; 0 ; 0 ; 2 ; 28.57% 
 
 **************** ; **************** ; **************** ; **************** ; **************** ; **************** ; **************** ; **************** ; **************** ; **************** 
 **************** ; **************** ; **************** ; **************** ; **************** ; **************** ; **************** ; **************** ; **************** ; **************** 
 Venezuela - Primera Division ; 01:15 
 General Stats ; W% ; FailedToScore - FTS ; Clean Sheet - CS ; BTS ; TotalGoalScore - TG ; GoalScorePerMatch - GF ; GoalCondecedPerMatch - GA 
 Carabobo ; 44% ; 22% ; 44% ; 56% ; 2.22 ; 1.44 ; 0.78 
 Puerto-Cabello ; 22% ; 22% ; 11% ; 67% ; 3.00 ; 1.11 ; 1.89 
 
 General ; PJ ; G ; E ; P ; generalWinningPerncetage ; generalDrawPerncetage ; generalLoosingPerncetage ; porcentaje  victorias VISITA + porcentaje DERROTAS local) / 2 ;  ; Resta I4-I3 (57%-22%) ; generalQuikView WENN(I3<25%-"1"-WENN(I3>24%-"0")) 
 Carabobo ; 18 ; 5 ; 10 ; 3 ; 27.78% ; 55.56% ; 16.67% ; 19.45% ;  ; 13.89% ; 1 ; 0.55% 
 Puerto-Cabello ; 18 ; 4 ; 7 ; 7 ; 22.22% ; 38.89% ; 38.89% ; 33.34% ;  ;  ; 0 ; -16.66% 
 
 Home/Away ; PJ ; G ; E ; P ; WinningPerncetage ; DrawPerncetage ; LoosingPerncetage ; porcentaje  victorias VISITA + porcentaje DERROTAS local) / 2 ;  ; Resta I4-I3 (57%-22%) ; generalQuikView WENN(I3<25%-"1"-WENN(I3>24%-"0")) 
 Carabobo ; 9 ; 4 ; 4 ; 1 ; 44.44% ; 44.44% ; 11.11% ; 16.66% ;  ; 33.34% ; 1 ; 3.34% 
 Puerto-Cabello ; 9 ; 2 ; 2 ; 5 ; 22.22% ; 22.22% ; 55.56% ; 50.00% ;  ;  ; 1 ; 0.00% 
 
 First Goal ; local? ; ScoreFirst ; NoGoal ; ConcededFirst ; WinningAverage ; NoGoalAverage ; ConcedeFirstAverage 
 Carabobo ; 9 ; 7 ; 2 ; 0 ; 77.78 ; 22.22 ; 0.00 
 Puerto-Cabello ; 9 ; 3 ; 0 ; 6 ; 33.33 ; 0.00 ; 66.67 
 
 First Goal on the Mache ; total ; 1er ; 2do ; %1er ; %2do 
 Carabobo ; 7 ; 5 ; 2 ; 71% ; 29% 
 Puerto-Cabello ; 6 ; 5 ; 1 ; 83% ; 17% 
  ;  ;  ;  ; 77% 
 
  ; 0 ; 1 
  ; 1 ; 0 
 
 final Decision ; 1 ; 2 ; 3 ; 4 ; 5 ; 6 ; 7 
  ; 13.89% ; 33.34% ; 55.56% ; 22.22% ; 83.50% ; 33.00% ; 0.72 
  ; 1 ; 0 ; 1 ; 0 ; 1 ; 0 ; 0 ; 3 ; 42.86% 
 
 **************** ; **************** ; **************** ; **************** ; **************** ; **************** ; **************** ; **************** ; **************** ; **************** 
 **************** ; **************** ; **************** ; **************** ; **************** ; **************** ; **************** ; **************** ; **************** ; **************** 
 Vietnam - V League ; 13:00 
 General Stats ; W% ; FailedToScore - FTS ; Clean Sheet - CS ; BTS ; TotalGoalScore - TG ; GoalScorePerMatch - GF ; GoalCondecedPerMatch - GA 
 Song Lam Nghe ; 50% ; 0% ; 50% ; 50% ; 2.50 ; 1.50 ; 1.00 
 Ho-Chi-Minh ; 0% ; 100% ; 100% ; 0% ; 0.00 ; 0.00 ; 0.00 
 
 General ; PJ ; G ; E ; P ; generalWinningPerncetage ; generalDrawPerncetage ; generalLoosingPerncetage ; porcentaje  victorias VISITA + porcentaje DERROTAS local) / 2 ;  ; Resta I4-I3 (57%-22%) ; generalQuikView WENN(I3<25%-"1"-WENN(I3>24%-"0")) 
 Song Lam Nghe ; 4 ; 2 ; 1 ; 1 ; 50.00% ; 25.00% ; 25.00% ; 25.00% ;  ; 0.00% ; 1 ; -5.00% 
 Ho-Chi-Minh ; 4 ; 1 ; 3 ; 0 ; 25.00% ; 75.00% ; 0.00% ; 25.00% ;  ;  ; 0 ; -25.00% 
 
 Home/Away ; PJ ; G ; E ; P ; WinningPerncetage ; DrawPerncetage ; LoosingPerncetage ; porcentaje  victorias VISITA + porcentaje DERROTAS local) / 2 ;  ; Resta I4-I3 (57%-22%) ; generalQuikView WENN(I3<25%-"1"-WENN(I3>24%-"0")) 
 Song Lam Nghe ; 2 ; 1 ; 0 ; 1 ; 50.00% ; 0.00% ; 50.00% ; 25.00% ;  ; 0.00% ; 0 ; -5.00% 
 Ho-Chi-Minh ; 2 ; 0 ; 2 ; 0 ; 0.00% ; 100.00% ; 0.00% ; 25.00% ;  ;  ; 0 ; -25.00% 
 
 First Goal ; local? ; ScoreFirst ; NoGoal ; ConcededFirst ; WinningAverage ; NoGoalAverage ; ConcedeFirstAverage 
 Song Lam Nghe ; 2 ; 2 ; 0 ; 0 ; 100.00 ; 0.00 ; 0.00 
 Ho-Chi-Minh ; 2 ; 0 ; 2 ; 0 ; 0.00 ; 100.00 ; 0.00 
 
 First Goal on the Mache ; total ; 1er ; 2do ; %1er ; %2do 
 Song Lam Nghe ; 2 ; 2 ; 0 ; 100% ; 0% 
 Ho-Chi-Minh ; 0 ; 0 ; 0 ; 0% ; 0% 
  ;  ;  ;  ; 50% 
 
  ; 1 ; 1 
  ; 1 ; 0 
 
 final Decision ; 1 ; 2 ; 3 ; 4 ; 5 ; 6 ; 7 
  ; 0.00% ; 0.00% ; 50.00% ; 50.00% ; 50.00% ; 75.00% ; 0.25 
  ; 0 ; 0 ; 1 ; 1 ; 0 ; 1 ; 0 ; 3 ; 42.86% 
 
 **************** ; **************** ; **************** ; **************** ; **************** ; **************** ; **************** ; **************** ; **************** ; **************** 
 **************** ; **************** ; **************** ; **************** ; **************** ; **************** ; **************** ; **************** ; **************** ; **************** 
